environment,benchmark,metric,unit,quality_flag,total_runs,successful_runs,failed_runs,unavailable_runs,mean,median,min,max,stdev,cv_percent,p50,p95,p99,traceable_run_count
host,app_latency,connect_ms.max,,PASS,15,15,0,0,0.279087,0.231671,0.132395,0.607761,0.125696,45.0383,0.231671,0.477737,0.581756,13
host,app_latency,connect_ms.mean,,PASS,15,15,0,0,0.055507,0.050352,0.021092,0.166662,0.034831,62.7503,0.050352,0.100896,0.153509,13
host,app_latency,connect_ms.median,,PASS,15,15,0,0,0.039172,0.031248,0.017736,0.139166,0.031319,79.9526,0.031248,0.081435,0.12762,13
host,app_latency,connect_ms.min,,PASS,15,15,0,0,0.016342,0.013798,0.011376,0.040918,0.007948,48.6378,0.013798,0.029567,0.038648,13
host,app_latency,connect_ms.p50,ms,PASS,15,15,0,0,0.039172,0.031248,0.017736,0.139166,0.031319,79.9526,0.031248,0.081435,0.12762,13
host,app_latency,connect_ms.p95,ms,PASS,15,15,0,0,0.143403,0.143831,0.033982,0.35388,0.07729,53.897,0.143831,0.249473,0.332999,13
host,app_latency,connect_ms.p99,ms,PASS,15,15,0,0,0.226708,0.196642,0.075742,0.541973,0.121353,53.5281,0.196642,0.407313,0.515041,13
host,app_latency,connect_ms.stdev,,PASS,15,15,0,0,0.046419,0.045367,0.013956,0.098445,0.021167,45.5994,0.045367,0.076206,0.093997,13
host,app_latency,http_200_count,,PASS,15,15,0,0,100.0,100.0,100.0,100.0,0.0,0.0,100.0,100.0,100.0,13
host,app_latency,hypervisor_telemetry.host_mem_available_kb,,PASS,15,15,0,0,8788641.777778,8898184.0,8412752.0,8909928.0,211040.146409,2.4013,8898184.0,8908688.0,8909680.0,9
host,app_latency,hypervisor_telemetry.host_mem_total_kb,,PASS,15,15,0,0,15987832.0,15987832.0,15987832.0,15987832.0,0.0,0.0,15987832.0,15987832.0,15987832.0,9
host,app_latency,hypervisor_telemetry.logical_cpus,,PASS,15,15,0,0,12.0,12.0,12.0,12.0,0.0,0.0,12.0,12.0,12.0,9
host,app_latency,hypervisor_telemetry.timestamp,,PASS,15,15,0,0,1789587053.422498,1789586359.332093,1789585969.812095,1789589872.296361,1606.275929,0.0001,1789586359.332093,1789589871.860143,1789589872.209117,9
host,app_latency,requests_attempted,,PASS,15,15,0,0,100.0,100.0,100.0,100.0,0.0,0.0,100.0,100.0,100.0,13
host,app_latency,requests_completed,count,PASS,15,15,0,0,100.0,100.0,100.0,100.0,0.0,0.0,100.0,100.0,100.0,15
host,app_latency,total_duration_ms.cv_percent,,PASS,15,15,0,0,87.871177,86.1468,42.3684,154.5719,34.029583,38.7267,86.1468,148.70756,153.399032,13
host,app_latency,total_duration_ms.max,,PASS,15,15,0,0,1.750287,1.646426,0.627829,3.64146,0.918289,52.465,1.646426,3.525946,3.618357,13
host,app_latency,total_duration_ms.mean,,PASS,15,15,0,0,0.281789,0.253778,0.134737,0.756512,0.150385,53.3677,0.253778,0.483213,0.701852,13
host,app_latency,total_duration_ms.median,,PASS,15,15,0,0,0.209192,0.189091,0.1042,0.687213,0.149679,71.5512,0.189091,0.414683,0.632707,13
host,app_latency,total_duration_ms.min,,PASS,15,15,0,0,0.107156,0.090284,0.076706,0.28231,0.056284,52.5252,0.090284,0.201704,0.266189,13
host,app_latency,total_duration_ms.missing_count,,PASS,15,15,0,0,0.0,0.0,0.0,0.0,0.0,,0.0,0.0,0.0,13
host,app_latency,total_duration_ms.p50,ms,PASS,15,15,0,0,0.209192,0.189091,0.1042,0.687213,0.149679,71.5512,0.189091,0.414683,0.632707,13
host,app_latency,total_duration_ms.p95,ms,PASS,15,15,0,0,0.632215,0.624198,0.19907,1.385388,0.285484,45.1562,0.624198,1.046495,1.317609,13
host,app_latency,total_duration_ms.p99,ms,PASS,15,15,0,0,1.102575,0.96835,0.359221,1.826209,0.460508,41.7666,0.96835,1.822206,1.825408,13
host,app_latency,total_duration_ms.stdev,,PASS,15,15,0,0,0.236008,0.210831,0.065758,0.432504,0.108143,45.8216,0.210831,0.432062,0.432416,13
host,app_latency,total_duration_ms.total_count,,PASS,15,15,0,0,100.0,100.0,100.0,100.0,0.0,0.0,100.0,100.0,100.0,13
host,app_latency,total_duration_ms.valid_count,,PASS,15,15,0,0,100.0,100.0,100.0,100.0,0.0,0.0,100.0,100.0,100.0,13
host,app_latency,total_ms.max,,PASS,15,15,0,0,1.750287,1.646426,0.627829,3.64146,0.918289,52.465,1.646426,3.525946,3.618357,13
host,app_latency,total_ms.mean,,PASS,15,15,0,0,0.281789,0.253778,0.134737,0.756512,0.150385,53.3677,0.253778,0.483213,0.701852,13
host,app_latency,total_ms.median,,PASS,15,15,0,0,0.209192,0.189091,0.1042,0.687213,0.149679,71.5512,0.189091,0.414683,0.632707,13
host,app_latency,total_ms.min,,PASS,15,15,0,0,0.107156,0.090284,0.076706,0.28231,0.056284,52.5252,0.090284,0.201704,0.266189,13
host,app_latency,total_ms.p50,ms,PASS,15,15,0,0,0.209192,0.189091,0.1042,0.687213,0.149679,71.5512,0.189091,0.414683,0.632707,13
host,app_latency,total_ms.p95,ms,PASS,15,15,0,0,0.632215,0.624198,0.19907,1.385388,0.285484,45.1562,0.624198,1.046495,1.317609,13
host,app_latency,total_ms.p99,ms,PASS,15,15,0,0,1.102575,0.96835,0.359221,1.826209,0.460508,41.7666,0.96835,1.822206,1.825408,13
host,app_latency,total_ms.stdev,,PASS,15,15,0,0,0.236008,0.210831,0.065758,0.432504,0.108143,45.8216,0.210831,0.432062,0.432416,13
host,app_latency,total_time_ms.cv_percent,,PASS,15,15,0,0,124.416367,86.1468,42.3684,361.9601,101.458071,81.5472,86.1468,361.9601,361.9601,15
host,app_latency,total_time_ms.max,,PASS,15,15,0,0,4.219408,1.646426,0.627829,20.268694,6.571222,155.738,1.646426,20.268694,20.268694,15
host,app_latency,total_time_ms.mean,,PASS,15,15,0,0,0.319263,0.253778,0.134737,0.756512,0.170776,53.4908,0.253778,0.620944,0.729398,15
host,app_latency,total_time_ms.median,,PASS,15,15,0,0,0.21384,0.199298,0.1042,0.687213,0.139118,65.057,0.199298,0.377,0.62517,15
host,app_latency,total_time_ms.min,,PASS,15,15,0,0,0.114366,0.090284,0.076706,0.28231,0.055474,48.5058,0.090284,0.197557,0.265359,15
host,app_latency,total_time_ms.missing_count,,PASS,15,15,0,0,0.0,0.0,0.0,0.0,0.0,,0.0,0.0,0.0,15
host,app_latency,total_time_ms.p50,ms,PASS,15,15,0,0,0.21384,0.199298,0.1042,0.687213,0.139118,65.057,0.199298,0.377,0.62517,15
host,app_latency,total_time_ms.p95,ms,PASS,15,15,0,0,0.640882,0.647608,0.19907,1.385388,0.265295,41.3953,0.647608,0.990013,1.306313,15
host,app_latency,total_time_ms.p99,ms,PASS,15,15,0,0,1.512843,1.265953,0.359221,4.179581,1.163613,76.9157,1.265953,4.179581,4.179581,15
host,app_latency,total_time_ms.stdev,,PASS,15,15,0,0,0.476176,0.221523,0.065758,2.037266,0.64166,134.7528,0.221523,2.037266,2.037266,15
host,app_latency,total_time_ms.total_count,,PASS,15,15,0,0,100.0,100.0,100.0,100.0,0.0,0.0,100.0,100.0,100.0,15
host,app_latency,total_time_ms.valid_count,,PASS,15,15,0,0,100.0,100.0,100.0,100.0,0.0,0.0,100.0,100.0,100.0,15
host,app_latency,ttfb_ms.cv_percent,,PASS,15,15,0,0,426.1726,426.1726,426.1726,426.1726,0.0,0.0,426.1726,426.1726,426.1726,2
host,app_latency,ttfb_ms.max,,PASS,15,15,0,0,3.881737,1.616988,0.594701,20.208659,6.641535,171.097,1.616988,20.208659,20.208659,15
host,app_latency,ttfb_ms.mean,,PASS,15,15,0,0,0.261682,0.217435,0.106991,0.626573,0.14369,54.9103,0.217435,0.517193,0.604697,15
host,app_latency,ttfb_ms.median,,PASS,15,15,0,0,0.173938,0.157156,0.079175,0.582981,0.119771,68.8585,0.157156,0.315486,0.529482,15
host,app_latency,ttfb_ms.min,,PASS,15,15,0,0,0.089804,0.071037,0.05861,0.216641,0.043361,48.2837,0.071037,0.157667,0.204846,15
host,app_latency,ttfb_ms.missing_count,,PASS,15,15,0,0,0.0,0.0,0.0,0.0,0.0,,0.0,0.0,0.0,2
host,app_latency,ttfb_ms.p50,ms,PASS,15,15,0,0,0.173938,0.157156,0.079175,0.582981,0.119771,68.8585,0.157156,0.315486,0.529482,15
host,app_latency,ttfb_ms.p95,ms,PASS,15,15,0,0,0.524511,0.494679,0.153767,1.183391,0.227848,43.44,0.494679,0.800373,1.106787,15
host,app_latency,ttfb_ms.p99,ms,PASS,15,15,0,0,1.135842,1.205042,0.312789,2.058115,0.518945,45.6882,1.205042,2.058115,2.058115,15
host,app_latency,ttfb_ms.stdev,,PASS,15,15,0,0,0.435808,0.210453,0.061586,2.004359,0.639703,146.7854,0.210453,2.004359,2.004359,15
host,app_latency,ttfb_ms.total_count,,PASS,15,15,0,0,100.0,100.0,100.0,100.0,0.0,0.0,100.0,100.0,100.0,2
host,app_latency,ttfb_ms.valid_count,,PASS,15,15,0,0,100.0,100.0,100.0,100.0,0.0,0.0,100.0,100.0,100.0,2
host,cpu_deterministic,cpu_percentage,%,FAILED,30,30,0,0,97.133333,99.5,90.0,100.0,3.821295,3.9341,99.5,100.0,100.0,30
host,cpu_deterministic,elapsed_sec,s,FAILED,30,30,0,0,0.04939,0.014047,0.008742,0.272006,0.066501,134.6456,0.014047,0.169611,0.257144,30
host,cpu_deterministic,gflops,GFLOPS,FAILED,30,30,0,0,4.54512,4.4613,2.3529,6.2934,1.282978,28.2276,4.4613,6.27344,6.292936,30
host,cpu_deterministic,hypervisor_telemetry.host_mem_available_kb,,FAILED,30,30,0,0,8757254.222222,8858872.0,8365100.0,8900588.0,220788.788457,2.5212,8858872.0,8895688.8,8899608.16,9
host,cpu_deterministic,hypervisor_telemetry.host_mem_total_kb,,FAILED,30,30,0,0,15987832.0,15987832.0,15987832.0,15987832.0,0.0,0.0,15987832.0,15987832.0,15987832.0,9
host,cpu_deterministic,hypervisor_telemetry.logical_cpus,,FAILED,30,30,0,0,12.0,12.0,12.0,12.0,0.0,0.0,12.0,12.0,12.0,9
host,cpu_deterministic,hypervisor_telemetry.timestamp,,FAILED,30,30,0,0,1789587015.819814,1789586311.951227,1789585944.608323,1789589846.791017,1612.10321,0.0001,1789586311.951227,1789589846.262089,1789589846.685232,9
host,cpu_deterministic,iteration,,FAILED,30,30,0,0,2.333333,2.0,1.0,5.0,1.371989,58.7995,2.0,5.0,5.0,18
host,cpu_deterministic,max_rss_kb,KB,FAILED,30,30,0,0,2441.066667,1548.0,1548.0,4516.0,1309.503905,53.6447,1548.0,4516.0,4516.0,30
host,cpu_deterministic,parameters.iterations,,FAILED,30,30,0,0,3.6,3.0,3.0,5.0,0.932183,25.894,3.0,5.0,5.0,30
host,cpu_deterministic,parameters.matrix_size,,FAILED,30,30,0,0,261.666667,200.0,200.0,400.0,92.553184,35.3706,200.0,400.0,400.0,30
host,cpu_deterministic,parameters.threads,,FAILED,30,30,0,0,1.0,1.0,1.0,1.0,0.0,0.0,1.0,1.0,1.0,30
host,cpu_deterministic,parameters.warmup,,FAILED,30,30,0,0,0.4,0.0,0.0,1.0,0.498273,124.5682,0.0,1.0,1.0,30
host,cpu_deterministic,results.elapsed_sec,s,FAILED,30,30,0,0,0.135348,0.103454,0.101693,0.272006,0.064267,47.4825,0.103454,0.251507,0.267906,9
host,cpu_deterministic,results.gflops,GFLOPS,FAILED,30,30,0,0,5.388889,6.1863,2.3529,6.2934,1.57597,29.2448,6.1863,6.29276,6.293272,9
host,cpu_deterministic,results.total_flops,,FAILED,30,30,0,0,640000000.0,640000000.0,640000000.0,640000000.0,0.0,0.0,640000000.0,640000000.0,640000000.0,9
host,cpu_deterministic,results.warmup_elapsed_sec,,FAILED,30,30,0,0,0.038677,0.029123,0.026371,0.078592,0.019843,51.3046,0.029123,0.074256,0.077725,9
host,cpu_deterministic,system_time_sec,s,FAILED,30,30,0,0,0.0,0.0,0.0,0.0,0.0,,0.0,0.0,0.0,30
host,cpu_deterministic,telemetry.cpu_percentage,%,FAILED,30,30,0,0,97.133333,99.5,90.0,100.0,3.821295,3.9341,99.5,100.0,100.0,30
host,cpu_deterministic,telemetry.exit_code,,FAILED,30,30,0,0,0.0,0.0,0.0,0.0,0.0,,0.0,0.0,0.0,9
host,cpu_deterministic,telemetry.involuntary_context_switches,,FAILED,30,30,0,0,3.777778,2.0,0.0,10.0,3.597839,95.2369,2.0,9.2,9.84,9
host,cpu_deterministic,telemetry.major_page_faults,,FAILED,30,30,0,0,0.0,0.0,0.0,0.0,0.0,,0.0,0.0,0.0,9
host,cpu_deterministic,telemetry.max_rss_kb,KB,FAILED,30,30,0,0,2441.066667,1548.0,1548.0,4516.0,1309.503905,53.6447,1548.0,4516.0,4516.0,30
host,cpu_deterministic,telemetry.minor_page_faults,,FAILED,30,30,0,0,1296.333333,1296.0,1296.0,1298.0,0.707107,0.0545,1296.0,1297.6,1297.92,9
host,cpu_deterministic,telemetry.system_time_sec,s,FAILED,30,30,0,0,0.0,0.0,0.0,0.0,0.0,,0.0,0.0,0.0,30
host,cpu_deterministic,telemetry.total_context_switches,,FAILED,30,30,0,0,4.777778,3.0,1.0,11.0,3.597839,75.3036,3.0,10.2,10.84,9
host,cpu_deterministic,telemetry.total_page_faults,,FAILED,30,30,0,0,1296.333333,1296.0,1296.0,1298.0,0.707107,0.0545,1296.0,1297.6,1297.92,9
host,cpu_deterministic,telemetry.user_time_sec,s,FAILED,30,30,0,0,0.059667,0.01,0.0,0.34,0.08767,146.9336,0.01,0.228,0.3284,30
host,cpu_deterministic,telemetry.voluntary_context_switches,,FAILED,30,30,0,0,1.0,1.0,1.0,1.0,0.0,0.0,1.0,1.0,1.0,9
host,cpu_deterministic,telemetry.vsz_kb,,FAILED,30,30,0,0,0.0,0.0,0.0,0.0,0.0,,0.0,0.0,0.0,30
host,cpu_deterministic,telemetry.wall_time_sec,s,FAILED,30,30,0,0,0.062,0.01,0.01,0.35,0.089728,144.7219,0.01,0.2335,0.3384,30
host,cpu_deterministic,total_flops,,FAILED,30,30,0,0,227125000.0,48000000.0,48000000.0,640000000.0,275035802.920149,121.0945,48000000.0,640000000.0,640000000.0,30
host,cpu_deterministic,user_time_sec,s,FAILED,30,30,0,0,0.059667,0.01,0.0,0.34,0.08767,146.9336,0.01,0.228,0.3284,30
host,cpu_deterministic,wall_time_sec,s,FAILED,30,30,0,0,0.062,0.01,0.01,0.35,0.089728,144.7219,0.01,0.2335,0.3384,30
host,cpu_deterministic,warmup_elapsed_sec,,FAILED,30,30,0,0,0.012184,0.0,0.0,0.078592,0.020575,168.8766,0.0,0.051958,0.075449,30
host,isolation_audit,hypervisor_telemetry.host_mem_available_kb,,PASS,15,15,0,0,8736611.555556,8860464.0,8268648.0,8892008.0,264564.931111,3.0282,8860464.0,8890635.2,8891733.44,9
host,isolation_audit,hypervisor_telemetry.host_mem_total_kb,,PASS,15,15,0,0,15987832.0,15987832.0,15987832.0,15987832.0,0.0,0.0,15987832.0,15987832.0,15987832.0,9
host,isolation_audit,hypervisor_telemetry.logical_cpus,,PASS,15,15,0,0,12.0,12.0,12.0,12.0,0.0,0.0,12.0,12.0,12.0,9
host,isolation_audit,hypervisor_telemetry.timestamp,,PASS,15,15,0,0,1789587071.951191,1789586381.93686,1789585982.848478,1789589886.090439,1604.048922,0.0001,1789586381.93686,1789589885.686532,1789589886.009658,9
host,memory_deterministic,allocated_bytes,,FAILED,30,30,0,0,87241523.2,67108864.0,67108864.0,134217728.0,31278877.775769,35.8532,67108864.0,134217728.0,134217728.0,30
host,memory_deterministic,cpu_percentage,%,FAILED,30,30,0,0,98.933333,99.0,97.0,100.0,0.73968,0.7477,99.0,100.0,100.0,30
host,memory_deterministic,elapsed_sec,s,FAILED,30,30,0,0,0.143474,0.122616,0.097946,0.277766,0.050776,35.3902,0.122616,0.240368,0.27496,30
host,memory_deterministic,hypervisor_telemetry.host_mem_available_kb,,FAILED,30,30,0,0,8537978.222222,8604628.0,8247288.0,8658080.0,140758.985903,1.6486,8604628.0,8653366.4,8657137.28,9
host,memory_deterministic,hypervisor_telemetry.host_mem_total_kb,,FAILED,30,30,0,0,15987832.0,15987832.0,15987832.0,15987832.0,0.0,0.0,15987832.0,15987832.0,15987832.0,9
host,memory_deterministic,hypervisor_telemetry.logical_cpus,,FAILED,30,30,0,0,12.0,12.0,12.0,12.0,0.0,0.0,12.0,12.0,12.0,9
host,memory_deterministic,hypervisor_telemetry.timestamp,,FAILED,30,30,0,0,1789587022.46277,1789586320.083964,1789585949.181036,1789589851.720412,1611.288126,0.0001,1789586320.083964,1789589851.202205,1789589851.616771,9
host,memory_deterministic,iteration,,FAILED,30,30,0,0,2.333333,2.0,1.0,5.0,1.371989,58.7995,2.0,5.0,5.0,18
host,memory_deterministic,max_rss_kb,KB,FAILED,30,30,0,0,85725.066667,66124.0,65996.0,131660.0,30547.760519,35.6346,66124.0,131660.0,131660.0,30
host,memory_deterministic,parameters.buffer_mb,,FAILED,30,30,0,0,83.2,64.0,64.0,128.0,29.829862,35.8532,64.0,128.0,128.0,30
host,memory_deterministic,parameters.passes,,FAILED,30,30,0,0,3.3,3.0,3.0,4.0,0.466092,14.124,3.0,4.0,4.0,30
host,memory_deterministic,parameters.stride_bytes,,FAILED,30,30,0,0,64.0,64.0,64.0,64.0,0.0,0.0,64.0,64.0,64.0,30
host,memory_deterministic,results.allocated_bytes,,FAILED,30,30,0,0,134217728.0,134217728.0,134217728.0,134217728.0,0.0,0.0,134217728.0,134217728.0,134217728.0,9
host,memory_deterministic,results.elapsed_sec,s,FAILED,30,30,0,0,0.211307,0.197496,0.187753,0.277766,0.035606,16.8506,0.197496,0.273895,0.276992,9
host,memory_deterministic,results.throughput_mb_s,MB/s,FAILED,30,30,0,0,5569.658889,5833.04,4147.37,6135.73,788.879705,14.1639,5833.04,6130.298,6134.6436,9
host,memory_deterministic,results.transferred_bytes,,FAILED,30,30,0,0,1207959552.0,1207959552.0,1207959552.0,1207959552.0,0.0,0.0,1207959552.0,1207959552.0,1207959552.0,9
host,memory_deterministic,system_time_sec,s,FAILED,30,30,0,0,0.029333,0.02,0.02,0.08,0.015071,51.3774,0.02,0.061,0.0771,30
host,memory_deterministic,telemetry.cpu_percentage,%,FAILED,30,30,0,0,98.933333,99.0,97.0,100.0,0.73968,0.7477,99.0,100.0,100.0,30
host,memory_deterministic,telemetry.exit_code,,FAILED,30,30,0,0,0.0,0.0,0.0,0.0,0.0,,0.0,0.0,0.0,9
host,memory_deterministic,telemetry.involuntary_context_switches,,FAILED,30,30,0,0,4.333333,3.0,1.0,10.0,2.828427,65.2714,3.0,8.8,9.76,9
host,memory_deterministic,telemetry.major_page_faults,,FAILED,30,30,0,0,0.0,0.0,0.0,0.0,0.0,,0.0,0.0,0.0,9
host,memory_deterministic,telemetry.max_rss_kb,KB,FAILED,30,30,0,0,85725.066667,66124.0,65996.0,131660.0,30547.760519,35.6346,66124.0,131660.0,131660.0,30
host,memory_deterministic,telemetry.minor_page_faults,,FAILED,30,30,0,0,32812.777778,32813.0,32812.0,32814.0,0.833333,0.0025,32813.0,32814.0,32814.0,9
host,memory_deterministic,telemetry.system_time_sec,s,FAILED,30,30,0,0,0.029333,0.02,0.02,0.08,0.015071,51.3774,0.02,0.061,0.0771,30
host,memory_deterministic,telemetry.total_context_switches,,FAILED,30,30,0,0,5.333333,4.0,2.0,11.0,2.828427,53.033,4.0,9.8,10.76,9
host,memory_deterministic,telemetry.total_page_faults,,FAILED,30,30,0,0,32812.777778,32813.0,32812.0,32814.0,0.833333,0.0025,32813.0,32814.0,32814.0,9
host,memory_deterministic,telemetry.user_time_sec,s,FAILED,30,30,0,0,0.107667,0.09,0.07,0.2,0.038389,35.655,0.09,0.1765,0.1971,30
host,memory_deterministic,telemetry.voluntary_context_switches,,FAILED,30,30,0,0,1.0,1.0,1.0,1.0,0.0,0.0,1.0,1.0,1.0,9
host,memory_deterministic,telemetry.vsz_kb,,FAILED,30,30,0,0,0.0,0.0,0.0,0.0,0.0,,0.0,0.0,0.0,30
host,memory_deterministic,telemetry.wall_time_sec,s,FAILED,30,30,0,0,0.143,0.12,0.1,0.28,0.052598,36.7818,0.12,0.243,0.2771,30
host,memory_deterministic,throughput_mb_s,MB/s,FAILED,30,30,0,0,4362.112,4164.6,2980.44,6135.73,995.214872,22.815,4164.6,6121.628,6131.7918,30
host,memory_deterministic,transferred_bytes,,FAILED,30,30,0,0,679477248.0,452984832.0,452984832.0,1207959552.0,351887374.977406,51.788,452984832.0,1207959552.0,1207959552.0,30
host,memory_deterministic,user_time_sec,s,FAILED,30,30,0,0,0.107667,0.09,0.07,0.2,0.038389,35.655,0.09,0.1765,0.1971,30
host,memory_deterministic,wall_time_sec,s,FAILED,30,30,0,0,0.143,0.12,0.1,0.28,0.052598,36.7818,0.12,0.243,0.2771,30
host,network_ping,cpu_percentage,%,PASS,15,15,0,0,0.0,0.0,0.0,0.0,0.0,,0.0,0.0,0.0,15
host,network_ping,hypervisor_telemetry.host_mem_available_kb,,PASS,15,15,0,0,8770401.777778,8874780.0,8370812.0,8911112.0,216266.767342,2.4659,8874780.0,8905411.2,8909971.84,9
host,network_ping,hypervisor_telemetry.host_mem_total_kb,,PASS,15,15,0,0,15987832.0,15987832.0,15987832.0,15987832.0,0.0,0.0,15987832.0,15987832.0,15987832.0,9
host,network_ping,hypervisor_telemetry.logical_cpus,,PASS,15,15,0,0,12.0,12.0,12.0,12.0,0.0,0.0,12.0,12.0,12.0,9
host,network_ping,hypervisor_telemetry.timestamp,,PASS,15,15,0,0,1789587043.165677,1789586344.982626,1789585962.64577,1789589869.1448,1608.763436,0.0001,1789586344.982626,1789589867.095768,1789589868.734994,9
host,network_ping,max_rss_kb,KB,PASS,15,15,0,0,2644.8,2676.0,2492.0,2704.0,67.750804,2.5617,2676.0,2701.2,2703.44,15
host,network_ping,packet_loss_percent,%,PASS,15,15,0,0,0.0,0.0,0.0,0.0,0.0,,0.0,0.0,0.0,15
host,network_ping,packets_received,,PASS,15,15,0,0,5.0,5.0,5.0,5.0,0.0,0.0,5.0,5.0,5.0,9
host,network_ping,packets_transmitted,,PASS,15,15,0,0,5.0,5.0,5.0,5.0,0.0,0.0,5.0,5.0,5.0,15
host,network_ping,rtt_avg_ms,ms,PASS,15,15,0,0,0.070267,0.07,0.049,0.099,0.014748,20.9882,0.07,0.092,0.0976,15
host,network_ping,rtt_max_ms,ms,PASS,15,15,0,0,0.1058,0.089,0.078,0.188,0.0348,32.8921,0.089,0.1761,0.18562,15
host,network_ping,rtt_mdev_ms,ms,PASS,15,15,0,0,0.0206,0.017,0.009,0.05,0.011128,54.0186,0.017,0.0423,0.04846,15
host,network_ping,rtt_min_ms,ms,PASS,15,15,0,0,0.045867,0.045,0.032,0.062,0.008927,19.4634,0.045,0.0599,0.06158,15
host,network_ping,system_time_sec,s,PASS,15,15,0,0,0.0,0.0,0.0,0.0,0.0,,0.0,0.0,0.0,6
host,network_ping,telemetry.cpu_percentage,%,PASS,15,15,0,0,0.0,0.0,0.0,0.0,0.0,,0.0,0.0,0.0,15
host,network_ping,telemetry.exit_code,,PASS,15,15,0,0,0.0,0.0,0.0,0.0,0.0,,0.0,0.0,0.0,9
host,network_ping,telemetry.involuntary_context_switches,,PASS,15,15,0,0,0.888889,1.0,0.0,3.0,1.054093,118.5854,1.0,2.6,2.92,9
host,network_ping,telemetry.major_page_faults,,PASS,15,15,0,0,0.0,0.0,0.0,0.0,0.0,,0.0,0.0,0.0,9
host,network_ping,telemetry.max_rss_kb,KB,PASS,15,15,0,0,2644.8,2676.0,2492.0,2704.0,67.750804,2.5617,2676.0,2701.2,2703.44,15
host,network_ping,telemetry.minor_page_faults,,PASS,15,15,0,0,121.111111,121.0,119.0,123.0,1.364225,1.1264,121.0,123.0,123.0,9
host,network_ping,telemetry.system_time_sec,s,PASS,15,15,0,0,0.0,0.0,0.0,0.0,0.0,,0.0,0.0,0.0,15
host,network_ping,telemetry.total_context_switches,,PASS,15,15,0,0,5.888889,6.0,5.0,8.0,1.054093,17.8997,6.0,7.6,7.92,9
host,network_ping,telemetry.total_page_faults,,PASS,15,15,0,0,121.111111,121.0,119.0,123.0,1.364225,1.1264,121.0,123.0,123.0,9
host,network_ping,telemetry.user_time_sec,s,PASS,15,15,0,0,0.0,0.0,0.0,0.0,0.0,,0.0,0.0,0.0,15
host,network_ping,telemetry.voluntary_context_switches,,PASS,15,15,0,0,5.0,5.0,5.0,5.0,0.0,0.0,5.0,5.0,5.0,9
host,network_ping,telemetry.vsz_kb,,PASS,15,15,0,0,0.0,0.0,0.0,0.0,0.0,,0.0,0.0,0.0,15
host,network_ping,telemetry.wall_time_sec,s,PASS,15,15,0,0,4.098667,4.1,4.07,4.12,0.016417,0.4005,4.1,4.12,4.12,15
host,network_ping,user_time_sec,s,PASS,15,15,0,0,0.0,0.0,0.0,0.0,0.0,,0.0,0.0,0.0,6
host,network_ping,wall_time_sec,s,PASS,15,15,0,0,4.098667,4.1,4.07,4.12,0.016417,0.4005,4.1,4.12,4.12,15
host,scheduling_deterministic,cpu_percentage,%,PASS,27,27,0,0,87.074074,86.0,79.0,96.0,4.419589,5.0757,86.0,92.7,95.22,27
host,scheduling_deterministic,elapsed_sec,s,PASS,27,27,0,0,0.103416,0.092799,0.075256,0.269027,0.046043,44.5222,0.092799,0.208685,0.264717,27
host,scheduling_deterministic,hypervisor_telemetry.host_mem_available_kb,,PASS,27,27,0,0,8734595.111111,8857516.0,8237240.0,8888928.0,263352.882382,3.0151,8857516.0,8885825.6,8888307.52,9
host,scheduling_deterministic,hypervisor_telemetry.host_mem_total_kb,,PASS,27,27,0,0,15987832.0,15987832.0,15987832.0,15987832.0,0.0,0.0,15987832.0,15987832.0,15987832.0,9
host,scheduling_deterministic,hypervisor_telemetry.logical_cpus,,PASS,27,27,0,0,12.0,12.0,12.0,12.0,0.0,0.0,12.0,12.0,12.0,9
host,scheduling_deterministic,hypervisor_telemetry.timestamp,,PASS,27,27,0,0,1789587067.069726,1789586375.673519,1789585979.713616,1789589883.018857,1604.84715,0.0001,1789586375.673519,1789589882.498401,1789589882.914766,9
host,scheduling_deterministic,iteration,,PASS,27,27,0,0,2.333333,2.0,1.0,5.0,1.371989,58.7995,2.0,5.0,5.0,18
host,scheduling_deterministic,latency_us,us,PASS,27,27,0,0,2.585296,2.32,1.881,6.726,1.151116,44.5255,2.32,5.2169,6.6181,27
host,scheduling_deterministic,max_rss_kb,KB,PASS,27,27,0,0,603.259259,592.0,592.0,624.0,15.090987,2.5016,592.0,624.0,624.0,27
host,scheduling_deterministic,parameters.iterations,,PASS,27,27,0,0,20000.0,20000.0,20000.0,20000.0,0.0,0.0,20000.0,20000.0,20000.0,27
host,scheduling_deterministic,parameters.warmup,,PASS,27,27,0,0,1000.0,1000.0,1000.0,1000.0,0.0,0.0,1000.0,1000.0,1000.0,27
host,scheduling_deterministic,results.elapsed_sec,s,PASS,27,27,0,0,0.124771,0.090057,0.075256,0.269027,0.077479,62.0965,0.090057,0.262397,0.267701,9
host,scheduling_deterministic,results.latency_us,us,PASS,27,27,0,0,3.119222,2.251,1.881,6.726,1.937037,62.1,2.251,6.56,6.6928,9
host,scheduling_deterministic,results.switches_per_sec,switches/sec,PASS,27,27,0,0,398710.841111,444163.84,148684.14,531516.86,143794.827471,36.0649,444163.84,521712.728,529556.0336,9
host,scheduling_deterministic,results.total_context_switches,,PASS,27,27,0,0,40000.0,40000.0,40000.0,40000.0,0.0,0.0,40000.0,40000.0,40000.0,9
host,scheduling_deterministic,scheduling_telemetry.involuntary_context_switches,,PASS,27,27,0,0,549.666667,23.0,0.0,1790.0,686.677872,124.9262,23.0,1577.6,1747.52,9
host,scheduling_deterministic,scheduling_telemetry.total_context_switches,,PASS,27,27,0,0,41997.555556,41998.0,41992.0,42003.0,3.244654,0.0077,41998.0,42001.8,42002.76,9
host,scheduling_deterministic,scheduling_telemetry.voluntary_context_switches,,PASS,27,27,0,0,41447.888889,41975.0,40213.0,41995.0,685.939036,1.6549,41975.0,41993.0,41994.6,9
host,scheduling_deterministic,switches_per_sec,switches/sec,PASS,27,27,0,0,422239.584074,431039.17,148684.14,531516.86,86494.155378,20.4846,431039.17,509741.97,525855.3886,27
host,scheduling_deterministic,system_time_sec,s,PASS,27,27,0,0,0.078148,0.07,0.06,0.21,0.036059,46.1424,0.07,0.16,0.2048,27
host,scheduling_deterministic,telemetry.cpu_percentage,%,PASS,27,27,0,0,87.074074,86.0,79.0,96.0,4.419589,5.0757,86.0,92.7,95.22,27
host,scheduling_deterministic,telemetry.exit_code,,PASS,27,27,0,0,0.0,0.0,0.0,0.0,0.0,,0.0,0.0,0.0,9
host,scheduling_deterministic,telemetry.involuntary_context_switches,,PASS,27,27,0,0,549.666667,23.0,0.0,1790.0,686.677872,124.9262,23.0,1577.6,1747.52,9
host,scheduling_deterministic,telemetry.major_page_faults,,PASS,27,27,0,0,0.0,0.0,0.0,0.0,0.0,,0.0,0.0,0.0,9
host,scheduling_deterministic,telemetry.max_rss_kb,KB,PASS,27,27,0,0,603.259259,592.0,592.0,624.0,15.090987,2.5016,592.0,624.0,624.0,27
host,scheduling_deterministic,telemetry.minor_page_faults,,PASS,27,27,0,0,60.444444,60.0,60.0,62.0,0.726483,1.2019,60.0,61.6,61.92,9
host,scheduling_deterministic,telemetry.system_time_sec,s,PASS,27,27,0,0,0.078148,0.07,0.06,0.21,0.036059,46.1424,0.07,0.16,0.2048,27
host,scheduling_deterministic,telemetry.total_context_switches,,PASS,27,27,0,0,41997.555556,41998.0,41992.0,42003.0,3.244654,0.0077,41998.0,42001.8,42002.76,9
host,scheduling_deterministic,telemetry.total_page_faults,,PASS,27,27,0,0,60.444444,60.0,60.0,62.0,0.726483,1.2019,60.0,61.6,61.92,9
host,scheduling_deterministic,telemetry.user_time_sec,s,PASS,27,27,0,0,0.011111,0.01,0.0,0.04,0.006405,57.6461,0.01,0.017,0.0348,27
host,scheduling_deterministic,telemetry.voluntary_context_switches,,PASS,27,27,0,0,41447.888889,41975.0,40213.0,41995.0,685.939036,1.6549,41975.0,41993.0,41994.6,9
host,scheduling_deterministic,telemetry.vsz_kb,,PASS,27,27,0,0,0.0,0.0,0.0,0.0,0.0,,0.0,0.0,0.0,27
host,scheduling_deterministic,telemetry.wall_time_sec,s,PASS,27,27,0,0,0.104815,0.09,0.08,0.28,0.048387,46.1644,0.09,0.215,0.2748,27
host,scheduling_deterministic,total_context_switches,,PASS,27,27,0,0,40000.0,40000.0,40000.0,40000.0,0.0,0.0,40000.0,40000.0,40000.0,27
host,scheduling_deterministic,user_time_sec,s,PASS,27,27,0,0,0.011111,0.01,0.0,0.04,0.006405,57.6461,0.01,0.017,0.0348,27
host,scheduling_deterministic,wall_time_sec,s,PASS,27,27,0,0,0.104815,0.09,0.08,0.28,0.048387,46.1644,0.09,0.215,0.2748,27
host,syscall_deterministic,cpu_percentage,%,FAILED,27,27,0,0,93.111111,94.0,78.0,100.0,6.387086,6.8596,94.0,100.0,100.0,27
host,syscall_deterministic,elapsed_sec,s,FAILED,27,27,0,0,0.021338,0.017751,0.015077,0.055205,0.009705,45.4823,0.017751,0.043064,0.053894,27
host,syscall_deterministic,hypervisor_telemetry.host_mem_available_kb,,FAILED,27,27,0,0,8775938.666667,8845272.0,8450528.0,8906696.0,185594.204134,2.1148,8845272.0,8903206.4,8905998.08,9
host,syscall_deterministic,hypervisor_telemetry.host_mem_total_kb,,FAILED,27,27,0,0,15987832.0,15987832.0,15987832.0,15987832.0,0.0,0.0,15987832.0,15987832.0,15987832.0,9
host,syscall_deterministic,hypervisor_telemetry.logical_cpus,,FAILED,27,27,0,0,12.0,12.0,12.0,12.0,0.0,0.0,12.0,12.0,12.0,9
host,syscall_deterministic,hypervisor_telemetry.timestamp,,FAILED,27,27,0,0,1789587060.824444,1789586368.100095,1789585975.431608,1789589878.075924,1605.492879,0.0001,1789586368.100095,1789589877.633832,1789589877.987506,9
host,syscall_deterministic,iteration,,FAILED,27,27,0,0,2.333333,2.0,1.0,5.0,1.371989,58.7995,2.0,5.0,5.0,18
host,syscall_deterministic,latency_ns,ns,FAILED,27,27,0,0,106.688889,88.76,75.38,276.02,48.524324,45.4821,88.76,215.317,269.4654,27
host,syscall_deterministic,max_rss_kb,KB,FAILED,27,27,0,0,588.0,588.0,588.0,588.0,0.0,0.0,588.0,588.0,588.0,27
host,syscall_deterministic,ops_per_sec,ops/sec,FAILED,27,27,0,0,10437317.535185,11266893.44,3622868.98,13265459.28,2645580.969509,25.3473,11266893.44,13249733.511,13265459.28,27
host,syscall_deterministic,parameters.iterations,,FAILED,27,27,0,0,200000.0,200000.0,200000.0,200000.0,0.0,0.0,200000.0,200000.0,200000.0,27
host,syscall_deterministic,parameters.warmup,,FAILED,27,27,0,0,5000.0,5000.0,5000.0,5000.0,0.0,0.0,5000.0,5000.0,5000.0,27
host,syscall_deterministic,results.elapsed_sec,s,FAILED,27,27,0,0,0.026867,0.022252,0.015137,0.055205,0.015003,55.8411,0.022252,0.053188,0.054802,9
host,syscall_deterministic,results.latency_ns,ns,FAILED,27,27,0,0,134.335556,111.26,75.68,276.02,75.013063,55.8401,111.26,265.936,274.0032,9
host,syscall_deterministic,results.ops_per_sec,ops/sec,FAILED,27,27,0,0,9050960.838889,8988018.34,3622868.98,13213040.05,3391167.393792,37.4675,8988018.34,12712010.858,13112834.2116,9
host,syscall_deterministic,results.total_syscalls,,FAILED,27,27,0,0,200000.0,200000.0,200000.0,200000.0,0.0,0.0,200000.0,200000.0,200000.0,9
host,syscall_deterministic,system_time_sec,s,FAILED,27,27,0,0,0.006667,0.01,0.0,0.02,0.006202,93.0261,0.01,0.017,0.02,27
host,syscall_deterministic,telemetry.cpu_percentage,%,FAILED,27,27,0,0,93.111111,94.0,78.0,100.0,6.387086,6.8596,94.0,100.0,100.0,27
host,syscall_deterministic,telemetry.exit_code,,FAILED,27,27,0,0,0.0,0.0,0.0,0.0,0.0,,0.0,0.0,0.0,9
host,syscall_deterministic,telemetry.involuntary_context_switches,,FAILED,27,27,0,0,2.333333,2.0,1.0,4.0,1.224745,52.4891,2.0,4.0,4.0,9
host,syscall_deterministic,telemetry.major_page_faults,,FAILED,27,27,0,0,0.0,0.0,0.0,0.0,0.0,,0.0,0.0,0.0,9
host,syscall_deterministic,telemetry.max_rss_kb,KB,FAILED,27,27,0,0,588.0,588.0,588.0,588.0,0.0,0.0,588.0,588.0,588.0,27
host,syscall_deterministic,telemetry.minor_page_faults,,FAILED,27,27,0,0,43.333333,43.0,43.0,44.0,0.5,1.1538,43.0,44.0,44.0,9
host,syscall_deterministic,telemetry.system_time_sec,s,FAILED,27,27,0,0,0.006667,0.01,0.0,0.02,0.006202,93.0261,0.01,0.017,0.02,27
host,syscall_deterministic,telemetry.total_context_switches,,FAILED,27,27,0,0,3.222222,3.0,2.0,5.0,1.301708,40.3978,3.0,5.0,5.0,9
host,syscall_deterministic,telemetry.total_page_faults,,FAILED,27,27,0,0,43.333333,43.0,43.0,44.0,0.5,1.1538,43.0,44.0,44.0,9
host,syscall_deterministic,telemetry.user_time_sec,s,FAILED,27,27,0,0,0.005556,0.0,0.0,0.03,0.008473,152.5173,0.0,0.024,0.03,27
host,syscall_deterministic,telemetry.voluntary_context_switches,,FAILED,27,27,0,0,0.888889,1.0,0.0,1.0,0.333333,37.5,1.0,1.0,1.0,9
host,syscall_deterministic,telemetry.vsz_kb,,FAILED,27,27,0,0,0.0,0.0,0.0,0.0,0.0,,0.0,0.0,0.0,27
host,syscall_deterministic,telemetry.wall_time_sec,s,FAILED,27,27,0,0,0.017778,0.02,0.01,0.05,0.0105,59.0642,0.02,0.041,0.05,27
host,syscall_deterministic,total_syscalls,,FAILED,27,27,0,0,200000.0,200000.0,200000.0,200000.0,0.0,0.0,200000.0,200000.0,200000.0,27
host,syscall_deterministic,user_time_sec,s,FAILED,27,27,0,0,0.005556,0.0,0.0,0.03,0.008473,152.5173,0.0,0.024,0.03,27
host,syscall_deterministic,wall_time_sec,s,FAILED,27,27,0,0,0.017778,0.02,0.01,0.05,0.0105,59.0642,0.02,0.041,0.05,27
kvm,app_latency,connect_ms.max,,PASS,13,4,0,9,0.377441,0.377441,0.377441,0.377441,0.0,0.0,0.377441,0.377441,0.377441,2
kvm,app_latency,connect_ms.mean,,PASS,13,4,0,9,0.05855,0.05855,0.05855,0.05855,0.0,0.0,0.05855,0.05855,0.05855,2
kvm,app_latency,connect_ms.median,,PASS,13,4,0,9,0.048005,0.048005,0.048005,0.048005,0.0,0.0,0.048005,0.048005,0.048005,2
kvm,app_latency,connect_ms.min,,PASS,13,4,0,9,0.013344,0.013344,0.013344,0.013344,0.0,0.0,0.013344,0.013344,0.013344,2
kvm,app_latency,connect_ms.p50,ms,PASS,13,4,0,9,0.048005,0.048005,0.048005,0.048005,0.0,0.0,0.048005,0.048005,0.048005,2
kvm,app_latency,connect_ms.p95,ms,PASS,13,4,0,9,0.151631,0.151631,0.151631,0.151631,0.0,0.0,0.151631,0.151631,0.151631,2
kvm,app_latency,connect_ms.p99,ms,PASS,13,4,0,9,0.207576,0.207576,0.207576,0.207576,0.0,0.0,0.207576,0.207576,0.207576,2
kvm,app_latency,connect_ms.stdev,,PASS,13,4,0,9,0.05311,0.05311,0.05311,0.05311,0.0,0.0,0.05311,0.05311,0.05311,2
kvm,app_latency,http_200_count,,PASS,13,4,0,9,100.0,100.0,100.0,100.0,0.0,0.0,100.0,100.0,100.0,2
kvm,app_latency,requests_attempted,,PASS,13,4,0,9,100.0,100.0,100.0,100.0,0.0,0.0,100.0,100.0,100.0,2
kvm,app_latency,requests_completed,count,PASS,13,4,0,9,100.0,100.0,100.0,100.0,0.0,0.0,100.0,100.0,100.0,4
kvm,app_latency,total_duration_ms.cv_percent,,PASS,13,4,0,9,67.655,67.655,67.655,67.655,0.0,0.0,67.655,67.655,67.655,2
kvm,app_latency,total_duration_ms.max,,PASS,13,4,0,9,1.136885,1.136885,1.136885,1.136885,0.0,0.0,1.136885,1.136885,1.136885,2
kvm,app_latency,total_duration_ms.mean,,PASS,13,4,0,9,0.269169,0.269169,0.269169,0.269169,0.0,0.0,0.269169,0.269169,0.269169,2
kvm,app_latency,total_duration_ms.median,,PASS,13,4,0,9,0.259794,0.259794,0.259794,0.259794,0.0,0.0,0.259794,0.259794,0.259794,2
kvm,app_latency,total_duration_ms.min,,PASS,13,4,0,9,0.079815,0.079815,0.079815,0.079815,0.0,0.0,0.079815,0.079815,0.079815,2
kvm,app_latency,total_duration_ms.missing_count,,PASS,13,4,0,9,0.0,0.0,0.0,0.0,0.0,,0.0,0.0,0.0,2
kvm,app_latency,total_duration_ms.p50,ms,PASS,13,4,0,9,0.259794,0.259794,0.259794,0.259794,0.0,0.0,0.259794,0.259794,0.259794,2
kvm,app_latency,total_duration_ms.p95,ms,PASS,13,4,0,9,0.571046,0.571046,0.571046,0.571046,0.0,0.0,0.571046,0.571046,0.571046,2
kvm,app_latency,total_duration_ms.p99,ms,PASS,13,4,0,9,0.868544,0.868544,0.868544,0.868544,0.0,0.0,0.868544,0.868544,0.868544,2
kvm,app_latency,total_duration_ms.stdev,,PASS,13,4,0,9,0.182106,0.182106,0.182106,0.182106,0.0,0.0,0.182106,0.182106,0.182106,2
kvm,app_latency,total_duration_ms.total_count,,PASS,13,4,0,9,100.0,100.0,100.0,100.0,0.0,0.0,100.0,100.0,100.0,2
kvm,app_latency,total_duration_ms.valid_count,,PASS,13,4,0,9,100.0,100.0,100.0,100.0,0.0,0.0,100.0,100.0,100.0,2
kvm,app_latency,total_ms.max,,PASS,13,4,0,9,1.136885,1.136885,1.136885,1.136885,0.0,0.0,1.136885,1.136885,1.136885,2
kvm,app_latency,total_ms.mean,,PASS,13,4,0,9,0.269169,0.269169,0.269169,0.269169,0.0,0.0,0.269169,0.269169,0.269169,2
kvm,app_latency,total_ms.median,,PASS,13,4,0,9,0.259794,0.259794,0.259794,0.259794,0.0,0.0,0.259794,0.259794,0.259794,2
kvm,app_latency,total_ms.min,,PASS,13,4,0,9,0.079815,0.079815,0.079815,0.079815,0.0,0.0,0.079815,0.079815,0.079815,2
kvm,app_latency,total_ms.p50,ms,PASS,13,4,0,9,0.259794,0.259794,0.259794,0.259794,0.0,0.0,0.259794,0.259794,0.259794,2
kvm,app_latency,total_ms.p95,ms,PASS,13,4,0,9,0.571046,0.571046,0.571046,0.571046,0.0,0.0,0.571046,0.571046,0.571046,2
kvm,app_latency,total_ms.p99,ms,PASS,13,4,0,9,0.868544,0.868544,0.868544,0.868544,0.0,0.0,0.868544,0.868544,0.868544,2
kvm,app_latency,total_ms.stdev,,PASS,13,4,0,9,0.182106,0.182106,0.182106,0.182106,0.0,0.0,0.182106,0.182106,0.182106,2
kvm,app_latency,total_time_ms.cv_percent,,PASS,13,4,0,9,196.95485,196.95485,67.655,326.2547,149.302606,75.8055,196.95485,326.2547,326.2547,4
kvm,app_latency,total_time_ms.max,,PASS,13,4,0,9,8.660578,8.660578,1.136885,16.184271,8.687612,100.3122,8.660578,16.184271,16.184271,4
kvm,app_latency,total_time_ms.mean,,PASS,13,4,0,9,0.378414,0.378414,0.269169,0.487659,0.126145,33.3353,0.378414,0.487659,0.487659,4
kvm,app_latency,total_time_ms.median,,PASS,13,4,0,9,0.312277,0.312277,0.259794,0.364759,0.060602,19.4064,0.312277,0.364759,0.364759,4
kvm,app_latency,total_time_ms.min,,PASS,13,4,0,9,0.113784,0.113784,0.079815,0.147754,0.039225,34.4727,0.113784,0.147754,0.147754,4
kvm,app_latency,total_time_ms.missing_count,,PASS,13,4,0,9,0.0,0.0,0.0,0.0,0.0,,0.0,0.0,0.0,4
kvm,app_latency,total_time_ms.p50,ms,PASS,13,4,0,9,0.312277,0.312277,0.259794,0.364759,0.060602,19.4064,0.312277,0.364759,0.364759,4
kvm,app_latency,total_time_ms.p95,ms,PASS,13,4,0,9,0.530713,0.530713,0.490379,0.571046,0.046573,8.7756,0.530713,0.571046,0.571046,4
kvm,app_latency,total_time_ms.p99,ms,PASS,13,4,0,9,0.98722,0.98722,0.868544,1.105897,0.137036,13.881,0.98722,1.105897,1.105897,4
kvm,app_latency,total_time_ms.stdev,,PASS,13,4,0,9,0.886558,0.886558,0.182106,1.59101,0.813431,91.7516,0.886558,1.59101,1.59101,4
kvm,app_latency,total_time_ms.total_count,,PASS,13,4,0,9,100.0,100.0,100.0,100.0,0.0,0.0,100.0,100.0,100.0,4
kvm,app_latency,total_time_ms.valid_count,,PASS,13,4,0,9,100.0,100.0,100.0,100.0,0.0,0.0,100.0,100.0,100.0,4
kvm,app_latency,ttfb_ms.cv_percent,,PASS,13,4,0,9,371.6989,371.6989,371.6989,371.6989,0.0,0.0,371.6989,371.6989,371.6989,2
kvm,app_latency,ttfb_ms.max,,PASS,13,4,0,9,8.588491,8.588491,1.042909,16.134072,8.712887,101.4484,8.588491,16.134072,16.134072,4
kvm,app_latency,ttfb_ms.mean,,PASS,13,4,0,9,0.324864,0.324864,0.221764,0.427964,0.11905,36.646,0.324864,0.427964,0.427964,4
kvm,app_latency,ttfb_ms.median,,PASS,13,4,0,9,0.250534,0.250534,0.208995,0.292073,0.047965,19.1451,0.250534,0.292073,0.292073,4
kvm,app_latency,ttfb_ms.min,,PASS,13,4,0,9,0.093269,0.093269,0.063743,0.122795,0.034094,36.5541,0.093269,0.122795,0.122795,4
kvm,app_latency,ttfb_ms.missing_count,,PASS,13,4,0,9,0.0,0.0,0.0,0.0,0.0,,0.0,0.0,0.0,2
kvm,app_latency,ttfb_ms.p50,ms,PASS,13,4,0,9,0.250534,0.250534,0.208995,0.292073,0.047965,19.1451,0.250534,0.292073,0.292073,4
kvm,app_latency,ttfb_ms.p95,ms,PASS,13,4,0,9,0.454693,0.454693,0.425414,0.483972,0.033808,7.4355,0.454693,0.483972,0.483972,4
kvm,app_latency,ttfb_ms.p99,ms,PASS,13,4,0,9,0.863893,0.863893,0.711476,1.01631,0.175996,20.3724,0.863893,1.01631,1.01631,4
kvm,app_latency,ttfb_ms.stdev,,PASS,13,4,0,9,0.873025,0.873025,0.155311,1.590739,0.828745,94.928,0.873025,1.590739,1.590739,4
kvm,app_latency,ttfb_ms.total_count,,PASS,13,4,0,9,100.0,100.0,100.0,100.0,0.0,0.0,100.0,100.0,100.0,2
kvm,app_latency,ttfb_ms.valid_count,,PASS,13,4,0,9,100.0,100.0,100.0,100.0,0.0,0.0,100.0,100.0,100.0,2
kvm,cpu_deterministic,cpu_percentage,%,PASS,23,14,9,0,97.0,100.0,85.0,100.0,5.519197,5.6899,100.0,100.0,100.0,14
kvm,cpu_deterministic,elapsed_sec,s,PASS,23,14,9,0,0.011704,0.011299,0.008678,0.016897,0.00308,26.3204,0.011299,0.016897,0.016897,14
kvm,cpu_deterministic,gflops,GFLOPS,PASS,23,14,9,0,4.347371,4.248,2.8407,5.5313,1.021679,23.5011,4.248,5.5313,5.5313,14
kvm,cpu_deterministic,iteration,,PASS,23,14,9,0,2.571429,2.0,1.0,5.0,1.452546,56.4879,2.0,5.0,5.0,14
kvm,cpu_deterministic,max_rss_kb,KB,PASS,23,14,9,0,1573.142857,1548.0,1420.0,1700.0,94.597818,6.0133,1548.0,1700.0,1700.0,14
kvm,cpu_deterministic,parameters.iterations,,PASS,23,14,9,0,3.0,3.0,3.0,3.0,0.0,0.0,3.0,3.0,3.0,14
kvm,cpu_deterministic,parameters.matrix_size,,PASS,23,14,9,0,200.0,200.0,200.0,200.0,0.0,0.0,200.0,200.0,200.0,14
kvm,cpu_deterministic,parameters.threads,,PASS,23,14,9,0,1.0,1.0,1.0,1.0,0.0,0.0,1.0,1.0,1.0,14
kvm,cpu_deterministic,parameters.warmup,,PASS,23,14,9,0,0.0,0.0,0.0,0.0,0.0,,0.0,0.0,0.0,14
kvm,cpu_deterministic,system_time_sec,s,PASS,23,14,9,0,0.0,0.0,0.0,0.0,0.0,,0.0,0.0,0.0,14
kvm,cpu_deterministic,telemetry.cpu_percentage,%,PASS,23,14,9,0,97.0,100.0,85.0,100.0,5.519197,5.6899,100.0,100.0,100.0,14
kvm,cpu_deterministic,telemetry.max_rss_kb,KB,PASS,23,14,9,0,1573.142857,1548.0,1420.0,1700.0,94.597818,6.0133,1548.0,1700.0,1700.0,14
kvm,cpu_deterministic,telemetry.system_time_sec,s,PASS,23,14,9,0,0.0,0.0,0.0,0.0,0.0,,0.0,0.0,0.0,14
kvm,cpu_deterministic,telemetry.user_time_sec,s,PASS,23,14,9,0,0.007143,0.01,0.0,0.01,0.004688,65.633,0.01,0.01,0.01,14
kvm,cpu_deterministic,telemetry.vsz_kb,,PASS,23,14,9,0,0.0,0.0,0.0,0.0,0.0,,0.0,0.0,0.0,14
kvm,cpu_deterministic,telemetry.wall_time_sec,s,PASS,23,14,9,0,0.01,0.01,0.01,0.01,0.0,0.0,0.01,0.01,0.01,14
kvm,cpu_deterministic,total_flops,,PASS,23,14,9,0,48000000.0,48000000.0,48000000.0,48000000.0,0.0,0.0,48000000.0,48000000.0,48000000.0,14
kvm,cpu_deterministic,user_time_sec,s,PASS,23,14,9,0,0.007143,0.01,0.0,0.01,0.004688,65.633,0.01,0.01,0.01,14
kvm,cpu_deterministic,wall_time_sec,s,PASS,23,14,9,0,0.01,0.01,0.01,0.01,0.0,0.0,0.01,0.01,0.01,14
kvm,cpu_deterministic,warmup_elapsed_sec,,PASS,23,14,9,0,0.0,0.0,0.0,0.0,0.0,,0.0,0.0,0.0,14
kvm,isolation_audit,hypervisor_telemetry.balloon_current_kb,,PASS,13,13,0,0,2097152.0,2097152.0,2097152.0,2097152.0,0.0,0.0,2097152.0,2097152.0,2097152.0,9
kvm,isolation_audit,hypervisor_telemetry.cpu_time_ns,,PASS,13,13,0,0,15427000555.555555,13858128000.0,12487601000.0,22296908000.0,3925330311.1552,25.4445,13858128000.0,22280480800.0,22293622560.0,9
kvm,isolation_audit,hypervisor_telemetry.host_qemu_pid,,PASS,13,13,0,0,52782.888889,49174.0,44543.0,70045.0,9980.436444,18.9085,49174.0,70045.0,70045.0,9
kvm,isolation_audit,hypervisor_telemetry.host_qemu_rss_kb,,PASS,13,13,0,0,639138.666667,642144.0,629720.0,642144.0,5360.075746,0.8386,642144.0,642144.0,642144.0,9
kvm,isolation_audit,hypervisor_telemetry.host_qemu_vsz_kb,,PASS,13,13,0,0,3338279.555556,3292964.0,3288796.0,3501052.0,92300.108179,2.7649,3292964.0,3501052.0,3501052.0,9
kvm,isolation_audit,hypervisor_telemetry.timestamp,,PASS,13,13,0,0,1789587223.007775,1789586555.926288,1789586101.859768,1789590011.894139,1592.410621,0.0001,1789586555.926288,1789590011.449357,1789590011.805183,9
kvm,memory_deterministic,allocated_bytes,,PASS,23,14,9,0,67108864.0,67108864.0,67108864.0,67108864.0,0.0,0.0,67108864.0,67108864.0,67108864.0,14
kvm,memory_deterministic,cpu_percentage,%,PASS,23,14,9,0,99.714286,100.0,99.0,100.0,0.468807,0.4702,100.0,100.0,100.0,14
kvm,memory_deterministic,elapsed_sec,s,PASS,23,14,9,0,0.113875,0.116909,0.101564,0.124888,0.00852,7.4822,0.116909,0.124888,0.124888,14
kvm,memory_deterministic,iteration,,PASS,23,14,9,0,2.571429,2.0,1.0,5.0,1.452546,56.4879,2.0,5.0,5.0,14
kvm,memory_deterministic,max_rss_kb,KB,PASS,23,14,9,0,65994.285714,65996.0,65856.0,66124.0,74.38303,0.1127,65996.0,66124.0,66124.0,14
kvm,memory_deterministic,parameters.buffer_mb,,PASS,23,14,9,0,64.0,64.0,64.0,64.0,0.0,0.0,64.0,64.0,64.0,14
kvm,memory_deterministic,parameters.passes,,PASS,23,14,9,0,3.0,3.0,3.0,3.0,0.0,0.0,3.0,3.0,3.0,14
kvm,memory_deterministic,parameters.stride_bytes,,PASS,23,14,9,0,64.0,64.0,64.0,64.0,0.0,0.0,64.0,64.0,64.0,14
kvm,memory_deterministic,system_time_sec,s,PASS,23,14,9,0,0.024286,0.02,0.02,0.03,0.005136,21.1463,0.02,0.03,0.03,14
kvm,memory_deterministic,telemetry.cpu_percentage,%,PASS,23,14,9,0,99.714286,100.0,99.0,100.0,0.468807,0.4702,100.0,100.0,100.0,14
kvm,memory_deterministic,telemetry.max_rss_kb,KB,PASS,23,14,9,0,65994.285714,65996.0,65856.0,66124.0,74.38303,0.1127,65996.0,66124.0,66124.0,14
kvm,memory_deterministic,telemetry.system_time_sec,s,PASS,23,14,9,0,0.024286,0.02,0.02,0.03,0.005136,21.1463,0.02,0.03,0.03,14
kvm,memory_deterministic,telemetry.user_time_sec,s,PASS,23,14,9,0,0.085714,0.09,0.07,0.1,0.010894,12.7098,0.09,0.1,0.1,14
kvm,memory_deterministic,telemetry.vsz_kb,,PASS,23,14,9,0,0.0,0.0,0.0,0.0,0.0,,0.0,0.0,0.0,14
kvm,memory_deterministic,telemetry.wall_time_sec,s,PASS,23,14,9,0,0.112857,0.12,0.1,0.12,0.009139,8.0976,0.12,0.12,0.12,14
kvm,memory_deterministic,throughput_mb_s,MB/s,PASS,23,14,9,0,3814.282857,3695.17,3459.09,4253.48,297.656737,7.8037,3695.17,4253.48,4253.48,14
kvm,memory_deterministic,transferred_bytes,,PASS,23,14,9,0,452984832.0,452984832.0,452984832.0,452984832.0,0.0,0.0,452984832.0,452984832.0,452984832.0,14
kvm,memory_deterministic,user_time_sec,s,PASS,23,14,9,0,0.085714,0.09,0.07,0.1,0.010894,12.7098,0.09,0.1,0.1,14
kvm,memory_deterministic,wall_time_sec,s,PASS,23,14,9,0,0.112857,0.12,0.1,0.12,0.009139,8.0976,0.12,0.12,0.12,14
kvm,network_ping,cpu_percentage,%,PASS,13,4,9,0,0.0,0.0,0.0,0.0,0.0,,0.0,0.0,0.0,4
kvm,network_ping,max_rss_kb,KB,PASS,13,4,9,0,2666.0,2666.0,2656.0,2676.0,11.547005,0.4331,2666.0,2676.0,2676.0,4
kvm,network_ping,packet_loss_percent,%,PASS,13,4,9,0,0.0,0.0,0.0,0.0,0.0,,0.0,0.0,0.0,4
kvm,network_ping,packets_transmitted,,PASS,13,4,9,0,5.0,5.0,5.0,5.0,0.0,0.0,5.0,5.0,5.0,4
kvm,network_ping,rtt_avg_ms,ms,PASS,13,4,9,0,0.0635,0.0635,0.06,0.067,0.004041,6.3645,0.0635,0.067,0.067,4
kvm,network_ping,rtt_max_ms,ms,PASS,13,4,9,0,0.0835,0.0835,0.081,0.086,0.002887,3.4572,0.0835,0.086,0.086,4
kvm,network_ping,rtt_mdev_ms,ms,PASS,13,4,9,0,0.0155,0.0155,0.015,0.016,0.000577,3.7248,0.0155,0.016,0.016,4
kvm,network_ping,rtt_min_ms,ms,PASS,13,4,9,0,0.044,0.044,0.039,0.049,0.005774,13.1216,0.044,0.049,0.049,4
kvm,network_ping,system_time_sec,s,PASS,13,4,9,0,0.0,0.0,0.0,0.0,0.0,,0.0,0.0,0.0,4
kvm,network_ping,telemetry.cpu_percentage,%,PASS,13,4,9,0,0.0,0.0,0.0,0.0,0.0,,0.0,0.0,0.0,4
kvm,network_ping,telemetry.max_rss_kb,KB,PASS,13,4,9,0,2666.0,2666.0,2656.0,2676.0,11.547005,0.4331,2666.0,2676.0,2676.0,4
kvm,network_ping,telemetry.system_time_sec,s,PASS,13,4,9,0,0.0,0.0,0.0,0.0,0.0,,0.0,0.0,0.0,4
kvm,network_ping,telemetry.user_time_sec,s,PASS,13,4,9,0,0.0,0.0,0.0,0.0,0.0,,0.0,0.0,0.0,4
kvm,network_ping,telemetry.vsz_kb,,PASS,13,4,9,0,0.0,0.0,0.0,0.0,0.0,,0.0,0.0,0.0,4
kvm,network_ping,telemetry.wall_time_sec,s,PASS,13,4,9,0,4.105,4.105,4.08,4.13,0.028868,0.7032,4.105,4.13,4.13,4
kvm,network_ping,user_time_sec,s,PASS,13,4,9,0,0.0,0.0,0.0,0.0,0.0,,0.0,0.0,0.0,4
kvm,network_ping,wall_time_sec,s,PASS,13,4,9,0,4.105,4.105,4.08,4.13,0.028868,0.7032,4.105,4.13,4.13,4
kvm,scheduling_deterministic,cpu_percentage,%,PASS,23,14,9,0,88.714286,88.0,84.0,92.0,2.701241,3.0449,88.0,92.0,92.0,14
kvm,scheduling_deterministic,elapsed_sec,s,PASS,23,14,9,0,0.091815,0.089627,0.084594,0.099518,0.005148,5.6067,0.089627,0.099518,0.099518,14
kvm,scheduling_deterministic,iteration,,PASS,23,14,9,0,2.571429,2.0,1.0,5.0,1.452546,56.4879,2.0,5.0,5.0,14
kvm,scheduling_deterministic,latency_us,us,PASS,23,14,9,0,2.295429,2.241,2.115,2.488,0.128586,5.6018,2.241,2.488,2.488,14
kvm,scheduling_deterministic,max_rss_kb,KB,PASS,23,14,9,0,592.0,592.0,592.0,592.0,0.0,0.0,592.0,592.0,592.0,14
kvm,scheduling_deterministic,parameters.iterations,,PASS,23,14,9,0,20000.0,20000.0,20000.0,20000.0,0.0,0.0,20000.0,20000.0,20000.0,14
kvm,scheduling_deterministic,parameters.warmup,,PASS,23,14,9,0,1000.0,1000.0,1000.0,1000.0,0.0,0.0,1000.0,1000.0,1000.0,14
kvm,scheduling_deterministic,switches_per_sec,switches/sec,PASS,23,14,9,0,436925.915714,446291.61,401937.36,472846.7,24331.906021,5.5689,446291.61,472846.7,472846.7,14
kvm,scheduling_deterministic,system_time_sec,s,PASS,23,14,9,0,0.07,0.07,0.06,0.08,0.005547,7.9243,0.07,0.08,0.08,14
kvm,scheduling_deterministic,telemetry.cpu_percentage,%,PASS,23,14,9,0,88.714286,88.0,84.0,92.0,2.701241,3.0449,88.0,92.0,92.0,14
kvm,scheduling_deterministic,telemetry.max_rss_kb,KB,PASS,23,14,9,0,592.0,592.0,592.0,592.0,0.0,0.0,592.0,592.0,592.0,14
kvm,scheduling_deterministic,telemetry.system_time_sec,s,PASS,23,14,9,0,0.07,0.07,0.06,0.08,0.005547,7.9243,0.07,0.08,0.08,14
kvm,scheduling_deterministic,telemetry.user_time_sec,s,PASS,23,14,9,0,0.01,0.01,0.01,0.01,0.0,0.0,0.01,0.01,0.01,14
kvm,scheduling_deterministic,telemetry.vsz_kb,,PASS,23,14,9,0,0.0,0.0,0.0,0.0,0.0,,0.0,0.0,0.0,14
kvm,scheduling_deterministic,telemetry.wall_time_sec,s,PASS,23,14,9,0,0.095714,0.09,0.09,0.11,0.007559,7.8978,0.09,0.11,0.11,14
kvm,scheduling_deterministic,total_context_switches,,PASS,23,14,9,0,40000.0,40000.0,40000.0,40000.0,0.0,0.0,40000.0,40000.0,40000.0,14
kvm,scheduling_deterministic,user_time_sec,s,PASS,23,14,9,0,0.01,0.01,0.01,0.01,0.0,0.0,0.01,0.01,0.01,14
kvm,scheduling_deterministic,wall_time_sec,s,PASS,23,14,9,0,0.095714,0.09,0.09,0.11,0.007559,7.8978,0.09,0.11,0.11,14
kvm,startup_lifecycle,app_ready_sec,s,PASS,13,9,4,0,15.014622,15.0142,15.0117,15.0183,0.002244,0.0149,15.0142,15.01814,15.018268,9
kvm,startup_lifecycle,hypervisor_telemetry.balloon_current_kb,,PASS,13,9,4,0,2097152.0,2097152.0,2097152.0,2097152.0,0.0,0.0,2097152.0,2097152.0,2097152.0,9
kvm,startup_lifecycle,hypervisor_telemetry.cpu_time_ns,,PASS,13,9,4,0,13995991444.444445,12308571000.0,11363883000.0,20914327000.0,3813675111.351094,27.2483,12308571000.0,20693107000.0,20870083000.0,9
kvm,startup_lifecycle,hypervisor_telemetry.host_qemu_pid,,PASS,13,9,4,0,52782.888889,49174.0,44543.0,70045.0,9980.436444,18.9085,49174.0,70045.0,70045.0,9
kvm,startup_lifecycle,hypervisor_telemetry.host_qemu_rss_kb,,PASS,13,9,4,0,639140.888889,642124.0,629720.0,642144.0,5357.091292,0.8382,642124.0,642144.0,642144.0,9
kvm,startup_lifecycle,hypervisor_telemetry.host_qemu_vsz_kb,,PASS,13,9,4,0,3345098.666667,3298076.0,3288796.0,3517444.0,95556.183871,2.8566,3298076.0,3514165.6,3516788.32,9
kvm,startup_lifecycle,hypervisor_telemetry.timestamp,,PASS,13,9,4,0,1789587192.71907,1789586514.721251,1789586078.911621,1789590001.623755,1598.236172,0.0001,1789586514.721251,1789589995.092047,1789590000.317413,9
kvm,startup_lifecycle,network_ready_sec,s,PASS,13,9,4,0,0.037989,0.032,0.0271,0.0573,0.011408,30.0303,0.032,0.05722,0.057284,9
kvm,startup_lifecycle,os_ready_sec,,PASS,13,9,4,0,0.036022,0.0327,0.0261,0.0578,0.010243,28.4343,0.0327,0.05408,0.057056,9
kvm,startup_lifecycle,startup_phases.total_startup_duration_sec,,PASS,13,9,4,0,15.132633,15.1176,15.1121,15.1945,0.032245,0.2131,15.1176,15.19014,15.193628,9
kvm,startup_lifecycle,total_boot_sec,,PASS,13,9,4,0,15.132633,15.1176,15.1121,15.1945,0.032245,0.2131,15.1176,15.19014,15.193628,9
kvm,syscall_deterministic,cpu_percentage,%,FAILED,23,14,9,0,96.285714,100.0,89.0,100.0,4.794686,4.9796,100.0,100.0,100.0,14
kvm,syscall_deterministic,elapsed_sec,s,FAILED,23,14,9,0,0.01857,0.018655,0.016893,0.021372,0.001439,7.7472,0.018655,0.021372,0.021372,14
kvm,syscall_deterministic,iteration,,FAILED,23,14,9,0,2.571429,2.0,1.0,5.0,1.452546,56.4879,2.0,5.0,5.0,14
kvm,syscall_deterministic,latency_ns,ns,FAILED,23,14,9,0,92.845714,93.27,84.46,106.86,7.194008,7.7483,93.27,106.86,106.86,14
kvm,syscall_deterministic,max_rss_kb,KB,FAILED,23,14,9,0,588.0,588.0,588.0,588.0,0.0,0.0,588.0,588.0,588.0,14
kvm,syscall_deterministic,ops_per_sec,ops/sec,FAILED,23,14,9,0,10828167.087143,10721069.09,9358167.29,11839456.73,806123.237736,7.4447,10721069.09,11839456.73,11839456.73,14
kvm,syscall_deterministic,parameters.iterations,,FAILED,23,14,9,0,200000.0,200000.0,200000.0,200000.0,0.0,0.0,200000.0,200000.0,200000.0,14
kvm,syscall_deterministic,parameters.warmup,,FAILED,23,14,9,0,5000.0,5000.0,5000.0,5000.0,0.0,0.0,5000.0,5000.0,5000.0,14
kvm,syscall_deterministic,system_time_sec,s,FAILED,23,14,9,0,0.002857,0.0,0.0,0.01,0.004688,164.0825,0.0,0.01,0.01,14
kvm,syscall_deterministic,telemetry.cpu_percentage,%,FAILED,23,14,9,0,96.285714,100.0,89.0,100.0,4.794686,4.9796,100.0,100.0,100.0,14
kvm,syscall_deterministic,telemetry.max_rss_kb,KB,FAILED,23,14,9,0,588.0,588.0,588.0,588.0,0.0,0.0,588.0,588.0,588.0,14
kvm,syscall_deterministic,telemetry.system_time_sec,s,FAILED,23,14,9,0,0.002857,0.0,0.0,0.01,0.004688,164.0825,0.0,0.01,0.01,14
kvm,syscall_deterministic,telemetry.user_time_sec,s,FAILED,23,14,9,0,0.008571,0.01,0.0,0.01,0.003631,42.3659,0.01,0.01,0.01,14
kvm,syscall_deterministic,telemetry.vsz_kb,,FAILED,23,14,9,0,0.0,0.0,0.0,0.0,0.0,,0.0,0.0,0.0,14
kvm,syscall_deterministic,telemetry.wall_time_sec,s,FAILED,23,14,9,0,0.017143,0.02,0.01,0.02,0.004688,27.3471,0.02,0.02,0.02,14
kvm,syscall_deterministic,total_syscalls,,FAILED,23,14,9,0,200000.0,200000.0,200000.0,200000.0,0.0,0.0,200000.0,200000.0,200000.0,14
kvm,syscall_deterministic,user_time_sec,s,FAILED,23,14,9,0,0.008571,0.01,0.0,0.01,0.003631,42.3659,0.01,0.01,0.01,14
kvm,syscall_deterministic,wall_time_sec,s,FAILED,23,14,9,0,0.017143,0.02,0.01,0.02,0.004688,27.3471,0.02,0.02,0.02,14
lxc,app_latency,connect_ms.max,,PASS,13,4,9,0,0.214444,0.214444,0.214444,0.214444,0.0,0.0,0.214444,0.214444,0.214444,2
lxc,app_latency,connect_ms.mean,,PASS,13,4,9,0,0.034429,0.034429,0.034429,0.034429,0.0,0.0,0.034429,0.034429,0.034429,2
lxc,app_latency,connect_ms.median,,PASS,13,4,9,0,0.016473,0.016473,0.016473,0.016473,0.0,0.0,0.016473,0.016473,0.016473,2
lxc,app_latency,connect_ms.min,,PASS,13,4,9,0,0.011958,0.011958,0.011958,0.011958,0.0,0.0,0.011958,0.011958,0.011958,2
lxc,app_latency,connect_ms.p50,ms,PASS,13,4,9,0,0.016473,0.016473,0.016473,0.016473,0.0,0.0,0.016473,0.016473,0.016473,2
lxc,app_latency,connect_ms.p95,ms,PASS,13,4,9,0,0.118278,0.118278,0.118278,0.118278,0.0,0.0,0.118278,0.118278,0.118278,2
lxc,app_latency,connect_ms.p99,ms,PASS,13,4,9,0,0.157597,0.157597,0.157597,0.157597,0.0,0.0,0.157597,0.157597,0.157597,2
lxc,app_latency,connect_ms.stdev,,PASS,13,4,9,0,0.038976,0.038976,0.038976,0.038976,0.0,0.0,0.038976,0.038976,0.038976,2
lxc,app_latency,http_200_count,,PASS,13,4,9,0,100.0,100.0,100.0,100.0,0.0,0.0,100.0,100.0,100.0,2
lxc,app_latency,requests_attempted,,PASS,13,4,9,0,100.0,100.0,100.0,100.0,0.0,0.0,100.0,100.0,100.0,2
lxc,app_latency,requests_completed,count,PASS,13,4,9,0,100.0,100.0,100.0,100.0,0.0,0.0,100.0,100.0,100.0,4
lxc,app_latency,total_duration_ms.cv_percent,,PASS,13,4,9,0,110.5964,110.5964,110.5964,110.5964,0.0,0.0,110.5964,110.5964,110.5964,2
lxc,app_latency,total_duration_ms.max,,PASS,13,4,9,0,1.004176,1.004176,1.004176,1.004176,0.0,0.0,1.004176,1.004176,1.004176,2
lxc,app_latency,total_duration_ms.mean,,PASS,13,4,9,0,0.207856,0.207856,0.207856,0.207856,0.0,0.0,0.207856,0.207856,0.207856,2
lxc,app_latency,total_duration_ms.median,,PASS,13,4,9,0,0.094834,0.094834,0.094834,0.094834,0.0,0.0,0.094834,0.094834,0.094834,2
lxc,app_latency,total_duration_ms.min,,PASS,13,4,9,0,0.079028,0.079028,0.079028,0.079028,0.0,0.0,0.079028,0.079028,0.079028,2
lxc,app_latency,total_duration_ms.missing_count,,PASS,13,4,9,0,0.0,0.0,0.0,0.0,0.0,,0.0,0.0,0.0,2
lxc,app_latency,total_duration_ms.p50,ms,PASS,13,4,9,0,0.094834,0.094834,0.094834,0.094834,0.0,0.0,0.094834,0.094834,0.094834,2
lxc,app_latency,total_duration_ms.p95,ms,PASS,13,4,9,0,0.694561,0.694561,0.694561,0.694561,0.0,0.0,0.694561,0.694561,0.694561,2
lxc,app_latency,total_duration_ms.p99,ms,PASS,13,4,9,0,0.980863,0.980863,0.980863,0.980863,0.0,0.0,0.980863,0.980863,0.980863,2
lxc,app_latency,total_duration_ms.stdev,,PASS,13,4,9,0,0.229881,0.229881,0.229881,0.229881,0.0,0.0,0.229881,0.229881,0.229881,2
lxc,app_latency,total_duration_ms.total_count,,PASS,13,4,9,0,100.0,100.0,100.0,100.0,0.0,0.0,100.0,100.0,100.0,2
lxc,app_latency,total_duration_ms.valid_count,,PASS,13,4,9,0,100.0,100.0,100.0,100.0,0.0,0.0,100.0,100.0,100.0,2
lxc,app_latency,total_ms.max,,PASS,13,4,9,0,1.004176,1.004176,1.004176,1.004176,0.0,0.0,1.004176,1.004176,1.004176,2
lxc,app_latency,total_ms.mean,,PASS,13,4,9,0,0.207856,0.207856,0.207856,0.207856,0.0,0.0,0.207856,0.207856,0.207856,2
lxc,app_latency,total_ms.median,,PASS,13,4,9,0,0.094834,0.094834,0.094834,0.094834,0.0,0.0,0.094834,0.094834,0.094834,2
lxc,app_latency,total_ms.min,,PASS,13,4,9,0,0.079028,0.079028,0.079028,0.079028,0.0,0.0,0.079028,0.079028,0.079028,2
lxc,app_latency,total_ms.p50,ms,PASS,13,4,9,0,0.094834,0.094834,0.094834,0.094834,0.0,0.0,0.094834,0.094834,0.094834,2
lxc,app_latency,total_ms.p95,ms,PASS,13,4,9,0,0.694561,0.694561,0.694561,0.694561,0.0,0.0,0.694561,0.694561,0.694561,2
lxc,app_latency,total_ms.p99,ms,PASS,13,4,9,0,0.980863,0.980863,0.980863,0.980863,0.0,0.0,0.980863,0.980863,0.980863,2
lxc,app_latency,total_ms.stdev,,PASS,13,4,9,0,0.229881,0.229881,0.229881,0.229881,0.0,0.0,0.229881,0.229881,0.229881,2
lxc,app_latency,total_time_ms.cv_percent,,PASS,13,4,9,0,208.8347,208.8347,110.5964,307.073,113.435818,54.3185,208.8347,307.073,307.073,4
lxc,app_latency,total_time_ms.max,,PASS,13,4,9,0,11.249165,11.249165,1.004176,21.494154,11.829894,105.1624,11.249165,21.494154,21.494154,4
lxc,app_latency,total_time_ms.mean,,PASS,13,4,9,0,0.448164,0.448164,0.207856,0.688471,0.277483,61.9156,0.448164,0.688471,0.688471,4
lxc,app_latency,total_time_ms.median,,PASS,13,4,9,0,0.274762,0.274762,0.094834,0.45469,0.207763,75.6156,0.274762,0.45469,0.45469,4
lxc,app_latency,total_time_ms.min,,PASS,13,4,9,0,0.128247,0.128247,0.079028,0.177465,0.056833,44.3151,0.128247,0.177465,0.177465,4
lxc,app_latency,total_time_ms.missing_count,,PASS,13,4,9,0,0.0,0.0,0.0,0.0,0.0,,0.0,0.0,0.0,4
lxc,app_latency,total_time_ms.p50,ms,PASS,13,4,9,0,0.274762,0.274762,0.094834,0.45469,0.207763,75.6156,0.274762,0.45469,0.45469,4
lxc,app_latency,total_time_ms.p95,ms,PASS,13,4,9,0,0.784231,0.784231,0.694561,0.8739,0.103541,13.2029,0.784231,0.8739,0.8739,4
lxc,app_latency,total_time_ms.p99,ms,PASS,13,4,9,0,1.260761,1.260761,0.980863,1.540659,0.323198,25.6352,1.260761,1.540659,1.540659,4
lxc,app_latency,total_time_ms.stdev,,PASS,13,4,9,0,1.171995,1.171995,0.229881,2.114109,1.08786,92.8212,1.171995,2.114109,2.114109,4
lxc,app_latency,total_time_ms.total_count,,PASS,13,4,9,0,100.0,100.0,100.0,100.0,0.0,0.0,100.0,100.0,100.0,4
lxc,app_latency,total_time_ms.valid_count,,PASS,13,4,9,0,100.0,100.0,100.0,100.0,0.0,0.0,100.0,100.0,100.0,4
lxc,app_latency,ttfb_ms.cv_percent,,PASS,13,4,9,0,343.7269,343.7269,343.7269,343.7269,0.0,0.0,343.7269,343.7269,343.7269,2
lxc,app_latency,ttfb_ms.max,,PASS,13,4,9,0,11.159918,11.159918,0.985252,21.334584,11.748692,105.2758,11.159918,21.334584,21.334584,4
lxc,app_latency,ttfb_ms.mean,,PASS,13,4,9,0,0.391504,0.391504,0.171262,0.611746,0.254314,64.9581,0.391504,0.611746,0.611746,4
lxc,app_latency,ttfb_ms.median,,PASS,13,4,9,0,0.225211,0.225211,0.077215,0.373207,0.170891,75.8804,0.225211,0.373207,0.373207,4
lxc,app_latency,ttfb_ms.min,,PASS,13,4,9,0,0.101426,0.101426,0.062497,0.140355,0.044951,44.3193,0.101426,0.140355,0.140355,4
lxc,app_latency,ttfb_ms.missing_count,,PASS,13,4,9,0,0.0,0.0,0.0,0.0,0.0,,0.0,0.0,0.0,2
lxc,app_latency,ttfb_ms.p50,ms,PASS,13,4,9,0,0.225211,0.225211,0.077215,0.373207,0.170891,75.8804,0.225211,0.373207,0.373207,4
lxc,app_latency,ttfb_ms.p95,ms,PASS,13,4,9,0,0.655588,0.655588,0.561364,0.749812,0.108801,16.5959,0.655588,0.749812,0.749812,4
lxc,app_latency,ttfb_ms.p99,ms,PASS,13,4,9,0,1.095548,1.095548,0.840839,1.350257,0.294113,26.8462,1.095548,1.350257,1.350257,4
lxc,app_latency,ttfb_ms.stdev,,PASS,13,4,9,0,1.151367,1.151368,0.199998,2.102737,1.098547,95.4124,1.151368,2.102737,2.102737,4
lxc,app_latency,ttfb_ms.total_count,,PASS,13,4,9,0,100.0,100.0,100.0,100.0,0.0,0.0,100.0,100.0,100.0,2
lxc,app_latency,ttfb_ms.valid_count,,PASS,13,4,9,0,100.0,100.0,100.0,100.0,0.0,0.0,100.0,100.0,100.0,2
lxc,cpu_deterministic,cpu_percentage,%,FAILED,70,61,9,0,67.901639,75.0,0.0,100.0,29.601073,43.594,75.0,100.0,100.0,61
lxc,cpu_deterministic,elapsed_sec,s,FAILED,70,61,9,0,0.003859,0.001515,0.000778,0.013597,0.004178,108.264,0.001515,0.012697,0.013597,61
lxc,cpu_deterministic,gflops,GFLOPS,FAILED,70,61,9,0,3.229198,2.7641,0.9364,5.4903,1.226311,37.9757,2.7641,5.371,5.4903,61
lxc,cpu_deterministic,iteration,,FAILED,70,61,9,0,2.571429,2.0,1.0,5.0,1.452546,56.4879,2.0,5.0,5.0,14
lxc,cpu_deterministic,max_rss_kb,KB,FAILED,70,61,9,0,1135.147541,1044.0,848.0,1548.0,215.851943,19.0153,1044.0,1548.0,1548.0,61
lxc,cpu_deterministic,parameters.iterations,,FAILED,70,61,9,0,2.229508,2.0,2.0,3.0,0.424006,19.0179,2.0,3.0,3.0,61
lxc,cpu_deterministic,parameters.matrix_size,,FAILED,70,61,9,0,122.95082,100.0,100.0,200.0,42.400639,34.4859,100.0,200.0,200.0,61
lxc,cpu_deterministic,parameters.threads,,FAILED,70,61,9,0,1.0,1.0,1.0,1.0,0.0,0.0,1.0,1.0,1.0,61
lxc,cpu_deterministic,parameters.warmup,,FAILED,70,61,9,0,0.0,0.0,0.0,0.0,0.0,,0.0,0.0,0.0,61
lxc,cpu_deterministic,system_time_sec,s,FAILED,70,61,9,0,0.0,0.0,0.0,0.0,0.0,,0.0,0.0,0.0,61
lxc,cpu_deterministic,telemetry.cpu_percentage,%,FAILED,70,61,9,0,67.901639,75.0,0.0,100.0,29.601073,43.594,75.0,100.0,100.0,61
lxc,cpu_deterministic,telemetry.max_rss_kb,KB,FAILED,70,61,9,0,1135.147541,1044.0,848.0,1548.0,215.851943,19.0153,1044.0,1548.0,1548.0,61
lxc,cpu_deterministic,telemetry.system_time_sec,s,FAILED,70,61,9,0,0.0,0.0,0.0,0.0,0.0,,0.0,0.0,0.0,61
lxc,cpu_deterministic,telemetry.user_time_sec,s,FAILED,70,61,9,0,0.001639,0.0,0.0,0.01,0.003733,227.706,0.0,0.01,0.01,61
lxc,cpu_deterministic,telemetry.vsz_kb,,FAILED,70,61,9,0,0.0,0.0,0.0,0.0,0.0,,0.0,0.0,0.0,61
lxc,cpu_deterministic,telemetry.wall_time_sec,s,FAILED,70,61,9,0,0.002295,0.0,0.0,0.01,0.00424,184.7456,0.0,0.01,0.01,61
lxc,cpu_deterministic,total_flops,,FAILED,70,61,9,0,14098360.655738,4000000.0,4000000.0,48000000.0,18656281.26399,132.3294,4000000.0,48000000.0,48000000.0,61
lxc,cpu_deterministic,user_time_sec,s,FAILED,70,61,9,0,0.001639,0.0,0.0,0.01,0.003733,227.706,0.0,0.01,0.01,61
lxc,cpu_deterministic,wall_time_sec,s,FAILED,70,61,9,0,0.002295,0.0,0.0,0.01,0.00424,184.7456,0.0,0.01,0.01,61
lxc,cpu_deterministic,warmup_elapsed_sec,,FAILED,70,61,9,0,0.0,0.0,0.0,0.0,0.0,,0.0,0.0,0.0,61
lxc,memory_deterministic,allocated_bytes,,FAILED,70,61,9,0,28328741.770492,16777216.0,16777216.0,67108864.0,21340940.490185,75.3332,16777216.0,67108864.0,67108864.0,61
lxc,memory_deterministic,cpu_percentage,%,FAILED,70,61,9,0,97.213115,98.0,86.0,100.0,3.141734,3.2318,98.0,100.0,100.0,61
lxc,memory_deterministic,elapsed_sec,s,FAILED,70,61,9,0,0.047898,0.028155,0.01844,0.136045,0.040381,84.3064,0.028155,0.130269,0.136045,61
lxc,memory_deterministic,iteration,,FAILED,70,61,9,0,2.571429,2.0,1.0,5.0,1.452546,56.4879,2.0,5.0,5.0,14
lxc,memory_deterministic,max_rss_kb,KB,FAILED,70,61,9,0,28210.819672,16972.0,16844.0,66124.0,20823.687119,73.8145,16972.0,66124.0,66124.0,61
lxc,memory_deterministic,parameters.buffer_mb,,FAILED,70,61,9,0,27.016393,16.0,16.0,64.0,20.352307,75.3332,16.0,64.0,64.0,61
lxc,memory_deterministic,parameters.passes,,FAILED,70,61,9,0,2.229508,2.0,2.0,3.0,0.424006,19.0179,2.0,3.0,3.0,61
lxc,memory_deterministic,parameters.stride_bytes,,FAILED,70,61,9,0,64.0,64.0,64.0,64.0,0.0,0.0,64.0,64.0,64.0,61
lxc,memory_deterministic,system_time_sec,s,FAILED,70,61,9,0,0.008033,0.01,0.0,0.03,0.008722,108.5745,0.01,0.02,0.03,61
lxc,memory_deterministic,telemetry.cpu_percentage,%,FAILED,70,61,9,0,97.213115,98.0,86.0,100.0,3.141734,3.2318,98.0,100.0,100.0,61
lxc,memory_deterministic,telemetry.max_rss_kb,KB,FAILED,70,61,9,0,28210.819672,16972.0,16844.0,66124.0,20823.687119,73.8145,16972.0,66124.0,66124.0,61
lxc,memory_deterministic,telemetry.system_time_sec,s,FAILED,70,61,9,0,0.008033,0.01,0.0,0.03,0.008722,108.5745,0.01,0.02,0.03,61
lxc,memory_deterministic,telemetry.user_time_sec,s,FAILED,70,61,9,0,0.032295,0.02,0.01,0.11,0.033186,102.7587,0.02,0.1,0.11,61
lxc,memory_deterministic,telemetry.vsz_kb,,FAILED,70,61,9,0,0.0,0.0,0.0,0.0,0.0,,0.0,0.0,0.0,61
lxc,memory_deterministic,telemetry.wall_time_sec,s,FAILED,70,61,9,0,0.048033,0.03,0.02,0.14,0.041945,87.3262,0.03,0.13,0.14,61
lxc,memory_deterministic,throughput_mb_s,MB/s,FAILED,70,61,9,0,3022.918197,3071.49,1910.51,4035.86,612.874232,20.2743,3071.49,4012.93,4035.86,61
lxc,memory_deterministic,transferred_bytes,,FAILED,70,61,9,0,162133915.278689,75497472.0,75497472.0,452984832.0,160057053.676385,98.719,75497472.0,452984832.0,452984832.0,61
lxc,memory_deterministic,user_time_sec,s,FAILED,70,61,9,0,0.032295,0.02,0.01,0.11,0.033186,102.7587,0.02,0.1,0.11,61
lxc,memory_deterministic,wall_time_sec,s,FAILED,70,61,9,0,0.048033,0.03,0.02,0.14,0.041945,87.3262,0.03,0.13,0.14,61
lxc,network_ping,cpu_percentage,%,PASS,13,4,9,0,0.0,0.0,0.0,0.0,0.0,,0.0,0.0,0.0,4
lxc,network_ping,max_rss_kb,KB,PASS,13,4,9,0,2676.0,2676.0,2676.0,2676.0,0.0,0.0,2676.0,2676.0,2676.0,4
lxc,network_ping,packet_loss_percent,%,PASS,13,4,9,0,0.0,0.0,0.0,0.0,0.0,,0.0,0.0,0.0,4
lxc,network_ping,packets_transmitted,,PASS,13,4,9,0,5.0,5.0,5.0,5.0,0.0,0.0,5.0,5.0,5.0,4
lxc,network_ping,rtt_avg_ms,ms,PASS,13,4,9,0,0.0715,0.0715,0.064,0.079,0.00866,12.1122,0.0715,0.079,0.079,4
lxc,network_ping,rtt_max_ms,ms,PASS,13,4,9,0,0.1505,0.1505,0.11,0.191,0.046765,31.0733,0.1505,0.191,0.191,4
lxc,network_ping,rtt_mdev_ms,ms,PASS,13,4,9,0,0.042,0.042,0.027,0.057,0.017321,41.2393,0.042,0.057,0.057,4
lxc,network_ping,rtt_min_ms,ms,PASS,13,4,9,0,0.0325,0.0325,0.031,0.034,0.001732,5.3294,0.0325,0.034,0.034,4
lxc,network_ping,system_time_sec,s,PASS,13,4,9,0,0.0,0.0,0.0,0.0,0.0,,0.0,0.0,0.0,4
lxc,network_ping,telemetry.cpu_percentage,%,PASS,13,4,9,0,0.0,0.0,0.0,0.0,0.0,,0.0,0.0,0.0,4
lxc,network_ping,telemetry.max_rss_kb,KB,PASS,13,4,9,0,2676.0,2676.0,2676.0,2676.0,0.0,0.0,2676.0,2676.0,2676.0,4
lxc,network_ping,telemetry.system_time_sec,s,PASS,13,4,9,0,0.0,0.0,0.0,0.0,0.0,,0.0,0.0,0.0,4
lxc,network_ping,telemetry.user_time_sec,s,PASS,13,4,9,0,0.0,0.0,0.0,0.0,0.0,,0.0,0.0,0.0,4
lxc,network_ping,telemetry.vsz_kb,,PASS,13,4,9,0,0.0,0.0,0.0,0.0,0.0,,0.0,0.0,0.0,4
lxc,network_ping,telemetry.wall_time_sec,s,PASS,13,4,9,0,4.1,4.1,4.08,4.12,0.023094,0.5633,4.1,4.12,4.12,4
lxc,network_ping,user_time_sec,s,PASS,13,4,9,0,0.0,0.0,0.0,0.0,0.0,,0.0,0.0,0.0,4
lxc,network_ping,wall_time_sec,s,PASS,13,4,9,0,4.1,4.1,4.08,4.12,0.023094,0.5633,4.1,4.12,4.12,4
lxc,scheduling_deterministic,cpu_percentage,%,PASS,23,14,9,0,85.142857,85.0,82.0,90.0,2.507133,2.9446,85.0,90.0,90.0,14
lxc,scheduling_deterministic,elapsed_sec,s,PASS,23,14,9,0,0.093554,0.098095,0.078803,0.10043,0.008669,9.2658,0.098095,0.10043,0.10043,14
lxc,scheduling_deterministic,iteration,,PASS,23,14,9,0,2.571429,2.0,1.0,5.0,1.452546,56.4879,2.0,5.0,5.0,14
lxc,scheduling_deterministic,latency_us,us,PASS,23,14,9,0,2.338857,2.452,1.97,2.511,0.216714,9.2658,2.452,2.511,2.511,14
lxc,scheduling_deterministic,max_rss_kb,KB,PASS,23,14,9,0,592.0,592.0,592.0,592.0,0.0,0.0,592.0,592.0,592.0,14
lxc,scheduling_deterministic,parameters.iterations,,PASS,23,14,9,0,20000.0,20000.0,20000.0,20000.0,0.0,0.0,20000.0,20000.0,20000.0,14
lxc,scheduling_deterministic,parameters.warmup,,PASS,23,14,9,0,1000.0,1000.0,1000.0,1000.0,0.0,0.0,1000.0,1000.0,1000.0,14
lxc,scheduling_deterministic,switches_per_sec,switches/sec,PASS,23,14,9,0,431299.842857,407768.66,398286.51,507596.39,43498.802836,10.0855,407768.66,507596.39,507596.39,14
lxc,scheduling_deterministic,system_time_sec,s,PASS,23,14,9,0,0.067143,0.07,0.06,0.08,0.007263,10.8168,0.07,0.08,0.08,14
lxc,scheduling_deterministic,telemetry.cpu_percentage,%,PASS,23,14,9,0,85.142857,85.0,82.0,90.0,2.507133,2.9446,85.0,90.0,90.0,14
lxc,scheduling_deterministic,telemetry.max_rss_kb,KB,PASS,23,14,9,0,592.0,592.0,592.0,592.0,0.0,0.0,592.0,592.0,592.0,14
lxc,scheduling_deterministic,telemetry.system_time_sec,s,PASS,23,14,9,0,0.067143,0.07,0.06,0.08,0.007263,10.8168,0.07,0.08,0.08,14
lxc,scheduling_deterministic,telemetry.user_time_sec,s,PASS,23,14,9,0,0.008571,0.01,0.0,0.01,0.003631,42.3659,0.01,0.01,0.01,14
lxc,scheduling_deterministic,telemetry.vsz_kb,,PASS,23,14,9,0,0.0,0.0,0.0,0.0,0.0,,0.0,0.0,0.0,14
lxc,scheduling_deterministic,telemetry.wall_time_sec,s,PASS,23,14,9,0,0.095714,0.1,0.08,0.11,0.010894,11.3819,0.1,0.11,0.11,14
lxc,scheduling_deterministic,total_context_switches,,PASS,23,14,9,0,40000.0,40000.0,40000.0,40000.0,0.0,0.0,40000.0,40000.0,40000.0,14
lxc,scheduling_deterministic,user_time_sec,s,PASS,23,14,9,0,0.008571,0.01,0.0,0.01,0.003631,42.3659,0.01,0.01,0.01,14
lxc,scheduling_deterministic,wall_time_sec,s,PASS,23,14,9,0,0.095714,0.1,0.08,0.11,0.010894,11.3819,0.1,0.11,0.11,14
lxc,syscall_deterministic,cpu_percentage,%,FAILED,23,14,9,0,94.142857,95.0,89.0,100.0,3.526976,3.7464,95.0,100.0,100.0,14
lxc,syscall_deterministic,elapsed_sec,s,FAILED,23,14,9,0,0.019055,0.019409,0.014267,0.022455,0.002562,13.4436,0.019409,0.022455,0.022455,14
lxc,syscall_deterministic,iteration,,FAILED,23,14,9,0,2.571429,2.0,1.0,5.0,1.452546,56.4879,2.0,5.0,5.0,14
lxc,syscall_deterministic,latency_ns,ns,FAILED,23,14,9,0,95.271429,97.05,71.33,112.27,12.808627,13.4444,97.05,112.27,112.27,14
lxc,syscall_deterministic,max_rss_kb,KB,FAILED,23,14,9,0,576.571429,588.0,508.0,588.0,29.050922,5.0386,588.0,588.0,588.0,14
lxc,syscall_deterministic,ops_per_sec,ops/sec,FAILED,23,14,9,0,10695976.042857,10304381.64,8906742.36,14018794.44,1617992.778989,15.1271,10304381.64,14018794.44,14018794.44,14
lxc,syscall_deterministic,parameters.iterations,,FAILED,23,14,9,0,200000.0,200000.0,200000.0,200000.0,0.0,0.0,200000.0,200000.0,200000.0,14
lxc,syscall_deterministic,parameters.warmup,,FAILED,23,14,9,0,5000.0,5000.0,5000.0,5000.0,0.0,0.0,5000.0,5000.0,5000.0,14
lxc,syscall_deterministic,system_time_sec,s,FAILED,23,14,9,0,0.005714,0.01,0.0,0.01,0.005136,89.8717,0.01,0.01,0.01,14
lxc,syscall_deterministic,telemetry.cpu_percentage,%,FAILED,23,14,9,0,94.142857,95.0,89.0,100.0,3.526976,3.7464,95.0,100.0,100.0,14
lxc,syscall_deterministic,telemetry.max_rss_kb,KB,FAILED,23,14,9,0,576.571429,588.0,508.0,588.0,29.050922,5.0386,588.0,588.0,588.0,14
lxc,syscall_deterministic,telemetry.system_time_sec,s,FAILED,23,14,9,0,0.005714,0.01,0.0,0.01,0.005136,89.8717,0.01,0.01,0.01,14
lxc,syscall_deterministic,telemetry.user_time_sec,s,FAILED,23,14,9,0,0.005714,0.01,0.0,0.01,0.005136,89.8717,0.01,0.01,0.01,14
lxc,syscall_deterministic,telemetry.vsz_kb,,FAILED,23,14,9,0,0.0,0.0,0.0,0.0,0.0,,0.0,0.0,0.0,14
lxc,syscall_deterministic,telemetry.wall_time_sec,s,FAILED,23,14,9,0,0.017143,0.02,0.01,0.02,0.004688,27.3471,0.02,0.02,0.02,14
lxc,syscall_deterministic,total_syscalls,,FAILED,23,14,9,0,200000.0,200000.0,200000.0,200000.0,0.0,0.0,200000.0,200000.0,200000.0,14
lxc,syscall_deterministic,user_time_sec,s,FAILED,23,14,9,0,0.005714,0.01,0.0,0.01,0.005136,89.8717,0.01,0.01,0.01,14
lxc,syscall_deterministic,wall_time_sec,s,FAILED,23,14,9,0,0.017143,0.02,0.01,0.02,0.004688,27.3471,0.02,0.02,0.02,14
virtualbox,app_latency,connect_ms.max,,PASS,13,4,0,9,0.231916,0.231916,0.231916,0.231916,0.0,0.0,0.231916,0.231916,0.231916,2
virtualbox,app_latency,connect_ms.mean,,PASS,13,4,0,9,0.030318,0.030318,0.030318,0.030318,0.0,0.0,0.030318,0.030318,0.030318,2
virtualbox,app_latency,connect_ms.median,,PASS,13,4,0,9,0.018101,0.018101,0.018101,0.018101,0.0,0.0,0.018101,0.018101,0.018101,2
virtualbox,app_latency,connect_ms.min,,PASS,13,4,0,9,0.012311,0.012311,0.012311,0.012311,0.0,0.0,0.012311,0.012311,0.012311,2
virtualbox,app_latency,connect_ms.p50,ms,PASS,13,4,0,9,0.018101,0.018101,0.018101,0.018101,0.0,0.0,0.018101,0.018101,0.018101,2
virtualbox,app_latency,connect_ms.p95,ms,PASS,13,4,0,9,0.072653,0.072653,0.072653,0.072653,0.0,0.0,0.072653,0.072653,0.072653,2
virtualbox,app_latency,connect_ms.p99,ms,PASS,13,4,0,9,0.096911,0.096911,0.096911,0.096911,0.0,0.0,0.096911,0.096911,0.096911,2
virtualbox,app_latency,connect_ms.stdev,,PASS,13,4,0,9,0.028569,0.028569,0.028569,0.028569,0.0,0.0,0.028569,0.028569,0.028569,2
virtualbox,app_latency,http_200_count,,PASS,13,4,0,9,100.0,100.0,100.0,100.0,0.0,0.0,100.0,100.0,100.0,2
virtualbox,app_latency,requests_attempted,,PASS,13,4,0,9,100.0,100.0,100.0,100.0,0.0,0.0,100.0,100.0,100.0,2
virtualbox,app_latency,requests_completed,count,PASS,13,4,0,9,100.0,100.0,100.0,100.0,0.0,0.0,100.0,100.0,100.0,4
virtualbox,app_latency,total_duration_ms.cv_percent,,PASS,13,4,0,9,68.5727,68.5727,68.5727,68.5727,0.0,0.0,68.5727,68.5727,68.5727,2
virtualbox,app_latency,total_duration_ms.max,,PASS,13,4,0,9,0.833752,0.833752,0.833752,0.833752,0.0,0.0,0.833752,0.833752,0.833752,2
virtualbox,app_latency,total_duration_ms.mean,,PASS,13,4,0,9,0.150143,0.150143,0.150143,0.150143,0.0,0.0,0.150143,0.150143,0.150143,2
virtualbox,app_latency,total_duration_ms.median,,PASS,13,4,0,9,0.102758,0.102758,0.102758,0.102758,0.0,0.0,0.102758,0.102758,0.102758,2
virtualbox,app_latency,total_duration_ms.min,,PASS,13,4,0,9,0.077168,0.077168,0.077168,0.077168,0.0,0.0,0.077168,0.077168,0.077168,2
virtualbox,app_latency,total_duration_ms.missing_count,,PASS,13,4,0,9,0.0,0.0,0.0,0.0,0.0,,0.0,0.0,0.0,2
virtualbox,app_latency,total_duration_ms.p50,ms,PASS,13,4,0,9,0.102758,0.102758,0.102758,0.102758,0.0,0.0,0.102758,0.102758,0.102758,2
virtualbox,app_latency,total_duration_ms.p95,ms,PASS,13,4,0,9,0.3299,0.3299,0.3299,0.3299,0.0,0.0,0.3299,0.3299,0.3299,2
virtualbox,app_latency,total_duration_ms.p99,ms,PASS,13,4,0,9,0.389567,0.389567,0.389567,0.389567,0.0,0.0,0.389567,0.389567,0.389567,2
virtualbox,app_latency,total_duration_ms.stdev,,PASS,13,4,0,9,0.102957,0.102957,0.102957,0.102957,0.0,0.0,0.102957,0.102957,0.102957,2
virtualbox,app_latency,total_duration_ms.total_count,,PASS,13,4,0,9,100.0,100.0,100.0,100.0,0.0,0.0,100.0,100.0,100.0,2
virtualbox,app_latency,total_duration_ms.valid_count,,PASS,13,4,0,9,100.0,100.0,100.0,100.0,0.0,0.0,100.0,100.0,100.0,2
virtualbox,app_latency,total_ms.max,,PASS,13,4,0,9,0.833752,0.833752,0.833752,0.833752,0.0,0.0,0.833752,0.833752,0.833752,2
virtualbox,app_latency,total_ms.mean,,PASS,13,4,0,9,0.150143,0.150143,0.150143,0.150143,0.0,0.0,0.150143,0.150143,0.150143,2
virtualbox,app_latency,total_ms.median,,PASS,13,4,0,9,0.102758,0.102758,0.102758,0.102758,0.0,0.0,0.102758,0.102758,0.102758,2
virtualbox,app_latency,total_ms.min,,PASS,13,4,0,9,0.077168,0.077168,0.077168,0.077168,0.0,0.0,0.077168,0.077168,0.077168,2
virtualbox,app_latency,total_ms.p50,ms,PASS,13,4,0,9,0.102758,0.102758,0.102758,0.102758,0.0,0.0,0.102758,0.102758,0.102758,2
virtualbox,app_latency,total_ms.p95,ms,PASS,13,4,0,9,0.3299,0.3299,0.3299,0.3299,0.0,0.0,0.3299,0.3299,0.3299,2
virtualbox,app_latency,total_ms.p99,ms,PASS,13,4,0,9,0.389567,0.389567,0.389567,0.389567,0.0,0.0,0.389567,0.389567,0.389567,2
virtualbox,app_latency,total_ms.stdev,,PASS,13,4,0,9,0.102957,0.102957,0.102957,0.102957,0.0,0.0,0.102957,0.102957,0.102957,2
virtualbox,app_latency,total_time_ms.cv_percent,,PASS,13,4,0,9,224.70735,224.70735,68.5727,380.842,180.288764,80.2327,224.70735,380.842,380.842,4
virtualbox,app_latency,total_time_ms.max,,PASS,13,4,0,9,11.55449,11.55449,0.833752,22.275229,12.379243,107.1379,11.55449,22.275229,22.275229,4
virtualbox,app_latency,total_time_ms.mean,,PASS,13,4,0,9,0.363542,0.363542,0.150143,0.576941,0.246412,67.7809,0.363542,0.576941,0.576941,4
virtualbox,app_latency,total_time_ms.median,,PASS,13,4,0,9,0.235578,0.235578,0.102758,0.368399,0.153368,65.1027,0.235578,0.368399,0.368399,4
virtualbox,app_latency,total_time_ms.min,,PASS,13,4,0,9,0.119894,0.119894,0.077168,0.162619,0.049335,41.1492,0.119894,0.162619,0.162619,4
virtualbox,app_latency,total_time_ms.missing_count,,PASS,13,4,0,9,0.0,0.0,0.0,0.0,0.0,,0.0,0.0,0.0,4
virtualbox,app_latency,total_time_ms.p50,ms,PASS,13,4,0,9,0.235578,0.235578,0.102758,0.368399,0.153368,65.1027,0.235578,0.368399,0.368399,4
virtualbox,app_latency,total_time_ms.p95,ms,PASS,13,4,0,9,0.488348,0.488348,0.3299,0.646795,0.182959,37.465,0.488348,0.646795,0.646795,4
virtualbox,app_latency,total_time_ms.p99,ms,PASS,13,4,0,9,0.798019,0.798019,0.389567,1.206472,0.47164,59.1014,0.798019,1.206472,1.206472,4
virtualbox,app_latency,total_time_ms.stdev,,PASS,13,4,0,9,1.150095,1.150095,0.102957,2.197233,1.209131,105.1331,1.150095,2.197233,2.197233,4
virtualbox,app_latency,total_time_ms.total_count,,PASS,13,4,0,9,100.0,100.0,100.0,100.0,0.0,0.0,100.0,100.0,100.0,4
virtualbox,app_latency,total_time_ms.valid_count,,PASS,13,4,0,9,100.0,100.0,100.0,100.0,0.0,0.0,100.0,100.0,100.0,4
virtualbox,app_latency,ttfb_ms.cv_percent,,PASS,13,4,0,9,429.543,429.543,429.543,429.543,0.0,0.0,429.543,429.543,429.543,2
virtualbox,app_latency,ttfb_ms.max,,PASS,13,4,0,9,11.464694,11.464693,0.756927,22.17246,12.364264,107.8464,11.464693,22.17246,22.17246,4
virtualbox,app_latency,ttfb_ms.mean,,PASS,13,4,0,9,0.316287,0.316287,0.122365,0.510209,0.223922,70.797,0.316287,0.510209,0.510209,4
virtualbox,app_latency,ttfb_ms.median,,PASS,13,4,0,9,0.188672,0.188672,0.081874,0.295471,0.12332,65.3621,0.188672,0.295471,0.295471,4
virtualbox,app_latency,ttfb_ms.min,,PASS,13,4,0,9,0.096414,0.096414,0.061043,0.131785,0.040843,42.362,0.096414,0.131785,0.131785,4
virtualbox,app_latency,ttfb_ms.missing_count,,PASS,13,4,0,9,0.0,0.0,0.0,0.0,0.0,,0.0,0.0,0.0,2
virtualbox,app_latency,ttfb_ms.p50,ms,PASS,13,4,0,9,0.188672,0.188672,0.081874,0.295471,0.12332,65.3621,0.188672,0.295471,0.295471,4
virtualbox,app_latency,ttfb_ms.p95,ms,PASS,13,4,0,9,0.427359,0.427359,0.282559,0.572159,0.167201,39.1242,0.427359,0.572159,0.572159,4
virtualbox,app_latency,ttfb_ms.p99,ms,PASS,13,4,0,9,0.607329,0.607329,0.343668,0.87099,0.304449,50.1293,0.607329,0.87099,0.87099,4
virtualbox,app_latency,ttfb_ms.stdev,,PASS,13,4,0,9,1.141994,1.141994,0.092419,2.191568,1.211944,106.1253,1.141994,2.191568,2.191568,4
virtualbox,app_latency,ttfb_ms.total_count,,PASS,13,4,0,9,100.0,100.0,100.0,100.0,0.0,0.0,100.0,100.0,100.0,2
virtualbox,app_latency,ttfb_ms.valid_count,,PASS,13,4,0,9,100.0,100.0,100.0,100.0,0.0,0.0,100.0,100.0,100.0,2
virtualbox,cpu_deterministic,cpu_percentage,%,FAILED,70,61,9,0,81.95082,87.0,0.0,100.0,22.179139,27.064,87.0,100.0,100.0,61
virtualbox,cpu_deterministic,elapsed_sec,s,FAILED,70,61,9,0,0.004541,0.00272,0.000721,0.014951,0.004219,92.9027,0.00272,0.01362,0.014951,61
virtualbox,cpu_deterministic,gflops,GFLOPS,FAILED,70,61,9,0,2.646366,1.9878,0.9652,5.9748,1.490233,56.3124,1.9878,5.5046,5.71854,61
virtualbox,cpu_deterministic,iteration,,FAILED,70,61,9,0,2.571429,2.0,1.0,5.0,1.452546,56.4879,2.0,5.0,5.0,14
virtualbox,cpu_deterministic,max_rss_kb,KB,FAILED,70,61,9,0,1158.360656,1044.0,892.0,1700.0,248.568571,21.4587,1044.0,1700.0,1700.0,61
virtualbox,cpu_deterministic,parameters.iterations,,FAILED,70,61,9,0,2.229508,2.0,2.0,3.0,0.424006,19.0179,2.0,3.0,3.0,61
virtualbox,cpu_deterministic,parameters.matrix_size,,FAILED,70,61,9,0,123.770492,100.0,100.0,200.0,42.432846,34.2835,100.0,200.0,200.0,61
virtualbox,cpu_deterministic,parameters.threads,,FAILED,70,61,9,0,1.0,1.0,1.0,1.0,0.0,0.0,1.0,1.0,1.0,61
virtualbox,cpu_deterministic,parameters.warmup,,FAILED,70,61,9,0,0.016393,0.0,0.0,1.0,0.128037,781.025,0.0,0.0,0.4,61
virtualbox,cpu_deterministic,system_time_sec,s,FAILED,70,61,9,0,0.0,0.0,0.0,0.0,0.0,,0.0,0.0,0.0,61
virtualbox,cpu_deterministic,telemetry.cpu_percentage,%,FAILED,70,61,9,0,81.95082,87.0,0.0,100.0,22.179139,27.064,87.0,100.0,100.0,61
virtualbox,cpu_deterministic,telemetry.max_rss_kb,KB,FAILED,70,61,9,0,1158.360656,1044.0,892.0,1700.0,248.568571,21.4587,1044.0,1700.0,1700.0,61
virtualbox,cpu_deterministic,telemetry.system_time_sec,s,FAILED,70,61,9,0,0.0,0.0,0.0,0.0,0.0,,0.0,0.0,0.0,61
virtualbox,cpu_deterministic,telemetry.user_time_sec,s,FAILED,70,61,9,0,0.001639,0.0,0.0,0.01,0.003733,227.706,0.0,0.01,0.01,61
virtualbox,cpu_deterministic,telemetry.vsz_kb,,FAILED,70,61,9,0,0.0,0.0,0.0,0.0,0.0,,0.0,0.0,0.0,61
virtualbox,cpu_deterministic,telemetry.wall_time_sec,s,FAILED,70,61,9,0,0.002295,0.0,0.0,0.01,0.00424,184.7456,0.0,0.01,0.01,61
virtualbox,cpu_deterministic,total_flops,,FAILED,70,61,9,0,14254098.360656,4000000.0,4000000.0,48000000.0,18610172.610434,130.5602,4000000.0,48000000.0,48000000.0,61
virtualbox,cpu_deterministic,user_time_sec,s,FAILED,70,61,9,0,0.001639,0.0,0.0,0.01,0.003733,227.706,0.0,0.01,0.01,61
virtualbox,cpu_deterministic,wall_time_sec,s,FAILED,70,61,9,0,0.002295,0.0,0.0,0.01,0.00424,184.7456,0.0,0.01,0.01,61
virtualbox,cpu_deterministic,warmup_elapsed_sec,,FAILED,70,61,9,0,2e-05,0.0,0.0,0.001211,0.000155,781.025,0.0,0.0,0.000484,61
virtualbox,isolation_audit,hypervisor_telemetry.host_vbox_pid,,PASS,13,13,0,0,54740.111111,51295.0,46282.0,71811.0,9907.407171,18.099,51295.0,71811.0,71811.0,9
virtualbox,isolation_audit,hypervisor_telemetry.host_vbox_rss_kb,,PASS,13,13,0,0,563468.444444,563856.0,558128.0,567840.0,3464.330495,0.6148,563856.0,567840.0,567840.0,9
virtualbox,isolation_audit,hypervisor_telemetry.host_vbox_vsz_kb,,PASS,13,13,0,0,2328238.222222,2315152.0,2307476.0,2381716.0,30492.071173,1.3097,2315152.0,2381716.0,2381716.0,9
virtualbox,isolation_audit,hypervisor_telemetry.timestamp,,PASS,13,13,0,0,1789587325.984286,1789586663.2765,1789586194.318111,1789590114.465896,1592.943901,0.0001,1789586663.2765,1789590114.009081,1789590114.374533,9
virtualbox,memory_deterministic,allocated_bytes,,PASS,23,14,9,0,67108864.0,67108864.0,67108864.0,67108864.0,0.0,0.0,67108864.0,67108864.0,67108864.0,14
virtualbox,memory_deterministic,cpu_percentage,%,PASS,23,14,9,0,98.857143,99.0,98.0,100.0,0.864438,0.8744,99.0,100.0,100.0,14
virtualbox,memory_deterministic,elapsed_sec,s,PASS,23,14,9,0,0.111464,0.108915,0.097543,0.131173,0.013036,11.695,0.108915,0.131173,0.131173,14
virtualbox,memory_deterministic,iteration,,PASS,23,14,9,0,2.571429,2.0,1.0,5.0,1.452546,56.4879,2.0,5.0,5.0,14
virtualbox,memory_deterministic,max_rss_kb,KB,PASS,23,14,9,0,65977.714286,65996.0,65868.0,66124.0,84.863174,0.1286,65996.0,66124.0,66124.0,14
virtualbox,memory_deterministic,parameters.buffer_mb,,PASS,23,14,9,0,64.0,64.0,64.0,64.0,0.0,0.0,64.0,64.0,64.0,14
virtualbox,memory_deterministic,parameters.passes,,PASS,23,14,9,0,3.0,3.0,3.0,3.0,0.0,0.0,3.0,3.0,3.0,14
virtualbox,memory_deterministic,parameters.stride_bytes,,PASS,23,14,9,0,64.0,64.0,64.0,64.0,0.0,0.0,64.0,64.0,64.0,14
virtualbox,memory_deterministic,system_time_sec,s,PASS,23,14,9,0,0.022857,0.02,0.02,0.03,0.004688,20.5103,0.02,0.03,0.03,14
virtualbox,memory_deterministic,telemetry.cpu_percentage,%,PASS,23,14,9,0,98.857143,99.0,98.0,100.0,0.864438,0.8744,99.0,100.0,100.0,14
virtualbox,memory_deterministic,telemetry.max_rss_kb,KB,PASS,23,14,9,0,65977.714286,65996.0,65868.0,66124.0,84.863174,0.1286,65996.0,66124.0,66124.0,14
virtualbox,memory_deterministic,telemetry.system_time_sec,s,PASS,23,14,9,0,0.022857,0.02,0.02,0.03,0.004688,20.5103,0.02,0.03,0.03,14
virtualbox,memory_deterministic,telemetry.user_time_sec,s,PASS,23,14,9,0,0.08,0.08,0.07,0.1,0.011094,13.8675,0.08,0.1,0.1,14
virtualbox,memory_deterministic,telemetry.vsz_kb,,PASS,23,14,9,0,0.0,0.0,0.0,0.0,0.0,,0.0,0.0,0.0,14
virtualbox,memory_deterministic,telemetry.wall_time_sec,s,PASS,23,14,9,0,0.112857,0.11,0.1,0.13,0.01326,11.7493,0.11,0.13,0.13,14
virtualbox,memory_deterministic,throughput_mb_s,MB/s,PASS,23,14,9,0,3923.822857,3966.41,3293.37,4428.81,444.395978,11.3256,3966.41,4428.81,4428.81,14
virtualbox,memory_deterministic,transferred_bytes,,PASS,23,14,9,0,452984832.0,452984832.0,452984832.0,452984832.0,0.0,0.0,452984832.0,452984832.0,452984832.0,14
virtualbox,memory_deterministic,user_time_sec,s,PASS,23,14,9,0,0.08,0.08,0.07,0.1,0.011094,13.8675,0.08,0.1,0.1,14
virtualbox,memory_deterministic,wall_time_sec,s,PASS,23,14,9,0,0.112857,0.11,0.1,0.13,0.01326,11.7493,0.11,0.13,0.13,14
virtualbox,network_ping,cpu_percentage,%,PASS,13,4,9,0,0.0,0.0,0.0,0.0,0.0,,0.0,0.0,0.0,4
virtualbox,network_ping,max_rss_kb,KB,PASS,13,4,9,0,2548.0,2548.0,2484.0,2612.0,73.900834,2.9003,2548.0,2612.0,2612.0,4
virtualbox,network_ping,packet_loss_percent,%,PASS,13,4,9,0,0.0,0.0,0.0,0.0,0.0,,0.0,0.0,0.0,4
virtualbox,network_ping,packets_transmitted,,PASS,13,4,9,0,5.0,5.0,5.0,5.0,0.0,0.0,5.0,5.0,5.0,4
virtualbox,network_ping,rtt_avg_ms,ms,PASS,13,4,9,0,0.064,0.064,0.063,0.065,0.001155,1.8042,0.064,0.065,0.065,4
virtualbox,network_ping,rtt_max_ms,ms,PASS,13,4,9,0,0.0885,0.0885,0.085,0.092,0.004041,4.5666,0.0885,0.092,0.092,4
virtualbox,network_ping,rtt_mdev_ms,ms,PASS,13,4,9,0,0.0195,0.0195,0.018,0.021,0.001732,8.8823,0.0195,0.021,0.021,4
virtualbox,network_ping,rtt_min_ms,ms,PASS,13,4,9,0,0.035,0.035,0.035,0.035,0.0,0.0,0.035,0.035,0.035,4
virtualbox,network_ping,system_time_sec,s,PASS,13,4,9,0,0.0,0.0,0.0,0.0,0.0,,0.0,0.0,0.0,4
virtualbox,network_ping,telemetry.cpu_percentage,%,PASS,13,4,9,0,0.0,0.0,0.0,0.0,0.0,,0.0,0.0,0.0,4
virtualbox,network_ping,telemetry.max_rss_kb,KB,PASS,13,4,9,0,2548.0,2548.0,2484.0,2612.0,73.900834,2.9003,2548.0,2612.0,2612.0,4
virtualbox,network_ping,telemetry.system_time_sec,s,PASS,13,4,9,0,0.0,0.0,0.0,0.0,0.0,,0.0,0.0,0.0,4
virtualbox,network_ping,telemetry.user_time_sec,s,PASS,13,4,9,0,0.0,0.0,0.0,0.0,0.0,,0.0,0.0,0.0,4
virtualbox,network_ping,telemetry.vsz_kb,,PASS,13,4,9,0,0.0,0.0,0.0,0.0,0.0,,0.0,0.0,0.0,4
virtualbox,network_ping,telemetry.wall_time_sec,s,PASS,13,4,9,0,4.085,4.085,4.08,4.09,0.005774,0.1413,4.085,4.09,4.09,4
virtualbox,network_ping,user_time_sec,s,PASS,13,4,9,0,0.0,0.0,0.0,0.0,0.0,,0.0,0.0,0.0,4
virtualbox,network_ping,wall_time_sec,s,PASS,13,4,9,0,4.085,4.085,4.08,4.09,0.005774,0.1413,4.085,4.09,4.09,4
virtualbox,scheduling_deterministic,cpu_percentage,%,PASS,23,14,9,0,85.857143,88.0,79.0,90.0,4.27618,4.9806,88.0,90.0,90.0,14
virtualbox,scheduling_deterministic,elapsed_sec,s,PASS,23,14,9,0,0.090896,0.086564,0.078656,0.106194,0.008739,9.6148,0.086564,0.106194,0.106194,14
virtualbox,scheduling_deterministic,iteration,,PASS,23,14,9,0,2.571429,2.0,1.0,5.0,1.452546,56.4879,2.0,5.0,5.0,14
virtualbox,scheduling_deterministic,latency_us,us,PASS,23,14,9,0,2.272286,2.164,1.966,2.655,0.218625,9.6214,2.164,2.655,2.655,14
virtualbox,scheduling_deterministic,max_rss_kb,KB,PASS,23,14,9,0,592.0,592.0,592.0,592.0,0.0,0.0,592.0,592.0,592.0,14
virtualbox,scheduling_deterministic,parameters.iterations,,PASS,23,14,9,0,20000.0,20000.0,20000.0,20000.0,0.0,0.0,20000.0,20000.0,20000.0,14
virtualbox,scheduling_deterministic,parameters.warmup,,PASS,23,14,9,0,1000.0,1000.0,1000.0,1000.0,0.0,0.0,1000.0,1000.0,1000.0,14
virtualbox,scheduling_deterministic,switches_per_sec,switches/sec,PASS,23,14,9,0,443764.454286,462087.34,376667.76,508544.45,41638.85644,9.3831,462087.34,508544.45,508544.45,14
virtualbox,scheduling_deterministic,system_time_sec,s,PASS,23,14,9,0,0.065714,0.06,0.06,0.08,0.007559,11.5033,0.06,0.08,0.08,14
virtualbox,scheduling_deterministic,telemetry.cpu_percentage,%,PASS,23,14,9,0,85.857143,88.0,79.0,90.0,4.27618,4.9806,88.0,90.0,90.0,14
virtualbox,scheduling_deterministic,telemetry.max_rss_kb,KB,PASS,23,14,9,0,592.0,592.0,592.0,592.0,0.0,0.0,592.0,592.0,592.0,14
virtualbox,scheduling_deterministic,telemetry.system_time_sec,s,PASS,23,14,9,0,0.065714,0.06,0.06,0.08,0.007559,11.5033,0.06,0.08,0.08,14
virtualbox,scheduling_deterministic,telemetry.user_time_sec,s,PASS,23,14,9,0,0.008571,0.01,0.0,0.01,0.003631,42.3659,0.01,0.01,0.01,14
virtualbox,scheduling_deterministic,telemetry.vsz_kb,,PASS,23,14,9,0,0.0,0.0,0.0,0.0,0.0,,0.0,0.0,0.0,14
virtualbox,scheduling_deterministic,telemetry.wall_time_sec,s,PASS,23,14,9,0,0.095714,0.09,0.08,0.11,0.010894,11.3819,0.09,0.11,0.11,14
virtualbox,scheduling_deterministic,total_context_switches,,PASS,23,14,9,0,40000.0,40000.0,40000.0,40000.0,0.0,0.0,40000.0,40000.0,40000.0,14
virtualbox,scheduling_deterministic,user_time_sec,s,PASS,23,14,9,0,0.008571,0.01,0.0,0.01,0.003631,42.3659,0.01,0.01,0.01,14
virtualbox,scheduling_deterministic,wall_time_sec,s,PASS,23,14,9,0,0.095714,0.09,0.08,0.11,0.010894,11.3819,0.09,0.11,0.11,14
virtualbox,startup_lifecycle,app_ready_sec,s,PASS,13,13,0,0,1.001033,1.0011,1.0004,1.0015,0.000367,0.0367,1.0011,1.00146,1.001492,9
virtualbox,startup_lifecycle,hypervisor_telemetry.host_vbox_pid,,PASS,13,13,0,0,54740.111111,51295.0,46282.0,71811.0,9907.407171,18.099,51295.0,71811.0,71811.0,9
virtualbox,startup_lifecycle,hypervisor_telemetry.host_vbox_rss_kb,,PASS,13,13,0,0,563464.888889,563852.0,558124.0,567840.0,3464.961632,0.6149,563852.0,567838.4,567839.68,9
virtualbox,startup_lifecycle,hypervisor_telemetry.host_vbox_vsz_kb,,PASS,13,13,0,0,2328238.222222,2315152.0,2307476.0,2381716.0,30492.071173,1.3097,2315152.0,2381716.0,2381716.0,9
virtualbox,startup_lifecycle,hypervisor_telemetry.timestamp,,PASS,13,13,0,0,1789587313.676358,1789586649.374284,1789586184.981415,1789590103.405472,1592.904712,0.0001,1789586649.374284,1789590102.276051,1789590103.179588,9
virtualbox,startup_lifecycle,network_ready_sec,s,PASS,13,13,0,0,0.132711,0.0928,0.0859,0.2977,0.082272,61.9931,0.0928,0.2807,0.2943,9
virtualbox,startup_lifecycle,startup_phases.total_startup_duration_sec,,PASS,13,13,0,0,1.366846,1.2203,1.2003,1.6588,0.183725,13.4416,1.2203,1.64902,1.656844,13
virtualbox,startup_lifecycle,total_boot_sec,,PASS,13,13,0,0,1.308178,1.2161,1.2003,1.6588,0.194322,14.8544,1.2161,1.65228,1.657496,9
virtualbox,syscall_deterministic,cpu_percentage,%,FAILED,23,14,9,0,92.428571,95.0,83.0,95.0,4.362679,4.7201,95.0,95.0,95.0,14
virtualbox,syscall_deterministic,elapsed_sec,s,FAILED,23,14,9,0,0.018926,0.019385,0.015796,0.021409,0.002229,11.7789,0.019385,0.021409,0.021409,14
virtualbox,syscall_deterministic,iteration,,FAILED,23,14,9,0,2.571429,2.0,1.0,5.0,1.452546,56.4879,2.0,5.0,5.0,14
virtualbox,syscall_deterministic,latency_ns,ns,FAILED,23,14,9,0,94.628571,96.92,78.98,107.05,11.148209,11.781,96.92,107.05,107.05,14
virtualbox,syscall_deterministic,max_rss_kb,KB,FAILED,23,14,9,0,588.0,588.0,588.0,588.0,0.0,0.0,588.0,588.0,588.0,14
virtualbox,syscall_deterministic,ops_per_sec,ops/sec,FAILED,23,14,9,0,10714283.142857,10317508.43,9341787.9,12661607.22,1345620.259351,12.5591,10317508.43,12661607.22,12661607.22,14
virtualbox,syscall_deterministic,parameters.iterations,,FAILED,23,14,9,0,200000.0,200000.0,200000.0,200000.0,0.0,0.0,200000.0,200000.0,200000.0,14
virtualbox,syscall_deterministic,parameters.warmup,,FAILED,23,14,9,0,5000.0,5000.0,5000.0,5000.0,0.0,0.0,5000.0,5000.0,5000.0,14
virtualbox,syscall_deterministic,system_time_sec,s,FAILED,23,14,9,0,0.002857,0.0,0.0,0.01,0.004688,164.0825,0.0,0.01,0.01,14
virtualbox,syscall_deterministic,telemetry.cpu_percentage,%,FAILED,23,14,9,0,92.428571,95.0,83.0,95.0,4.362679,4.7201,95.0,95.0,95.0,14
virtualbox,syscall_deterministic,telemetry.max_rss_kb,KB,FAILED,23,14,9,0,588.0,588.0,588.0,588.0,0.0,0.0,588.0,588.0,588.0,14
virtualbox,syscall_deterministic,telemetry.system_time_sec,s,FAILED,23,14,9,0,0.002857,0.0,0.0,0.01,0.004688,164.0825,0.0,0.01,0.01,14
virtualbox,syscall_deterministic,telemetry.user_time_sec,s,FAILED,23,14,9,0,0.007143,0.01,0.0,0.01,0.004688,65.633,0.01,0.01,0.01,14
virtualbox,syscall_deterministic,telemetry.vsz_kb,,FAILED,23,14,9,0,0.0,0.0,0.0,0.0,0.0,,0.0,0.0,0.0,14
virtualbox,syscall_deterministic,telemetry.wall_time_sec,s,FAILED,23,14,9,0,0.017143,0.02,0.01,0.02,0.004688,27.3471,0.02,0.02,0.02,14
virtualbox,syscall_deterministic,total_syscalls,,FAILED,23,14,9,0,200000.0,200000.0,200000.0,200000.0,0.0,0.0,200000.0,200000.0,200000.0,14
virtualbox,syscall_deterministic,user_time_sec,s,FAILED,23,14,9,0,0.007143,0.01,0.0,0.01,0.004688,65.633,0.01,0.01,0.01,14
virtualbox,syscall_deterministic,wall_time_sec,s,FAILED,23,14,9,0,0.017143,0.02,0.01,0.02,0.004688,27.3471,0.02,0.02,0.02,14
