environment,benchmark,metric,unit,sample_count,valid_count,mean,median,stdev,cv_percent,min,max,p50,p95,p99
host,app_latency,connect_ms.max,,2,2,0.264232,0.264232,0.0871,32.9635,0.202643,0.325821,0.264232,0.319662,0.324589
host,app_latency,connect_ms.mean,,2,2,0.049206,0.049206,0.005981,12.1544,0.044977,0.053435,0.049206,0.053012,0.05335
host,app_latency,connect_ms.median,,2,2,0.035403,0.035403,0.01067,30.1394,0.027858,0.042948,0.035403,0.042194,0.042797
host,app_latency,connect_ms.min,,2,2,0.013906,0.013906,0.000153,1.0983,0.013798,0.014014,0.013906,0.014003,0.014012
host,app_latency,connect_ms.p50,,2,2,0.035403,0.035403,0.01067,30.1394,0.027858,0.042948,0.035403,0.042194,0.042797
host,app_latency,connect_ms.p95,,2,2,0.129567,0.129567,0.070718,54.5808,0.079561,0.179572,0.129567,0.174571,0.178572
host,app_latency,connect_ms.p99,,2,2,0.22378,0.22378,0.132597,59.2531,0.13002,0.31754,0.22378,0.308164,0.315665
host,app_latency,connect_ms.stdev,,2,2,0.043897,0.043897,0.024724,56.3221,0.026415,0.06138,0.043897,0.059632,0.06103
host,app_latency,http_200_count,,2,2,100.0,100.0,0.0,0.0,100.0,100.0,100.0,100.0,100.0
host,app_latency,requests_attempted,,2,2,100.0,100.0,0.0,0.0,100.0,100.0,100.0,100.0,100.0
host,app_latency,requests_completed,,3,3,100.0,100.0,0.0,0.0,100.0,100.0,100.0,100.0,100.0
host,app_latency,total_duration_ms.cv_percent,,2,2,95.58905,95.58905,13.353358,13.9695,86.1468,105.0313,95.58905,104.087075,104.842455
host,app_latency,total_duration_ms.max,,2,2,1.77167,1.77167,0.177121,9.9974,1.646426,1.896913,1.77167,1.884389,1.894408
host,app_latency,total_duration_ms.mean,,2,2,0.249256,0.249256,0.006394,2.5654,0.244735,0.253778,0.249256,0.253326,0.253688
host,app_latency,total_duration_ms.median,,2,2,0.167594,0.167594,0.058527,34.9217,0.126209,0.208978,0.167594,0.20484,0.20815
host,app_latency,total_duration_ms.min,,2,2,0.090378,0.090378,0.000133,0.1471,0.090284,0.090472,0.090378,0.090463,0.09047
host,app_latency,total_duration_ms.missing_count,,2,2,0.0,0.0,0.0,,0.0,0.0,0.0,0.0,0.0
host,app_latency,total_duration_ms.p50,,2,2,0.167594,0.167594,0.058527,34.9217,0.126209,0.208978,0.167594,0.20484,0.20815
host,app_latency,total_duration_ms.p95,,2,2,0.601039,0.601039,0.210579,35.0357,0.452138,0.749941,0.601039,0.735051,0.746963
host,app_latency,total_duration_ms.p99,,2,2,1.068411,1.068411,0.329071,30.8,0.835723,1.301099,1.068411,1.27783,1.296445
host,app_latency,total_duration_ms.stdev,,2,2,0.238688,0.238688,0.039396,16.5054,0.210831,0.266546,0.238688,0.26376,0.265989
host,app_latency,total_duration_ms.total_count,,2,2,100.0,100.0,0.0,0.0,100.0,100.0,100.0,100.0,100.0
host,app_latency,total_duration_ms.valid_count,,2,2,100.0,100.0,0.0,0.0,100.0,100.0,100.0,100.0,100.0
host,app_latency,total_ms.max,,2,2,1.77167,1.77167,0.177121,9.9974,1.646426,1.896913,1.77167,1.884389,1.894408
host,app_latency,total_ms.mean,,2,2,0.249256,0.249256,0.006394,2.5654,0.244735,0.253778,0.249256,0.253326,0.253688
host,app_latency,total_ms.median,,2,2,0.167594,0.167594,0.058527,34.9217,0.126209,0.208978,0.167594,0.20484,0.20815
host,app_latency,total_ms.min,,2,2,0.090378,0.090378,0.000133,0.1471,0.090284,0.090472,0.090378,0.090463,0.09047
host,app_latency,total_ms.p50,,2,2,0.167594,0.167594,0.058527,34.9217,0.126209,0.208978,0.167594,0.20484,0.20815
host,app_latency,total_ms.p95,,2,2,0.601039,0.601039,0.210579,35.0357,0.452138,0.749941,0.601039,0.735051,0.746963
host,app_latency,total_ms.p99,,2,2,1.068411,1.068411,0.329071,30.8,0.835723,1.301099,1.068411,1.27783,1.296445
host,app_latency,total_ms.stdev,,2,2,0.238688,0.238688,0.039396,16.5054,0.210831,0.266546,0.238688,0.26376,0.265989
host,app_latency,total_time_ms.cv_percent,,3,3,184.3794,105.0313,154.078989,83.5663,86.1468,361.9601,105.0313,336.26722,356.821524
host,app_latency,total_time_ms.max,,3,3,7.937344,1.896913,10.679996,134.5538,1.646426,20.268694,1.896913,18.431516,19.901258
host,app_latency,total_time_ms.mean,,3,3,0.353785,0.253778,0.181106,51.1908,0.244735,0.562843,0.253778,0.531937,0.556662
host,app_latency,total_time_ms.median,,3,3,0.193079,0.208978,0.060508,31.3386,0.126209,0.244051,0.208978,0.240544,0.24335
host,app_latency,total_time_ms.min,,3,3,0.113997,0.090472,0.040909,35.886,0.090284,0.161234,0.090472,0.154158,0.159819
host,app_latency,total_time_ms.missing_count,,3,3,0.0,0.0,0.0,,0.0,0.0,0.0,0.0,0.0
host,app_latency,total_time_ms.p50,,3,3,0.193079,0.208978,0.060508,31.3386,0.126209,0.244051,0.208978,0.240544,0.24335
host,app_latency,total_time_ms.p95,,3,3,0.633099,0.697217,0.158918,25.1017,0.452138,0.749941,0.697217,0.744669,0.748887
host,app_latency,total_time_ms.p99,,3,3,2.105468,1.301099,1.811244,86.0257,0.835723,4.179581,1.301099,3.891733,4.122011
host,app_latency,total_time_ms.stdev,,3,3,0.838214,0.266546,1.038783,123.9281,0.210831,2.037266,0.266546,1.860194,2.001852
host,app_latency,total_time_ms.total_count,,3,3,100.0,100.0,0.0,0.0,100.0,100.0,100.0,100.0,100.0
host,app_latency,total_time_ms.valid_count,,3,3,100.0,100.0,0.0,0.0,100.0,100.0,100.0,100.0,100.0
host,app_latency,ttfb_ms.cv_percent,,1,1,426.1726,426.1726,0.0,0.0,426.1726,426.1726,426.1726,426.1726,426.1726
host,app_latency,ttfb_ms.max,,3,3,7.901203,1.877963,10.659368,134.9082,1.616988,20.208659,1.877963,18.375589,19.842045
host,app_latency,ttfb_ms.mean,,3,3,0.29789,0.217435,0.149437,50.1651,0.205918,0.470316,0.217435,0.445028,0.465258
host,app_latency,ttfb_ms.median,,3,3,0.159006,0.172717,0.050123,31.5227,0.103454,0.200846,0.172717,0.198033,0.200283
host,app_latency,ttfb_ms.min,,3,3,0.090935,0.071738,0.035935,39.5173,0.068676,0.132392,0.071738,0.126327,0.131179
host,app_latency,ttfb_ms.missing_count,,1,1,0.0,0.0,0.0,,0.0,0.0,0.0,0.0,0.0
host,app_latency,ttfb_ms.p50,,3,3,0.159006,0.172717,0.050123,31.5227,0.103454,0.200846,0.172717,0.198033,0.200283
host,app_latency,ttfb_ms.p95,,3,3,0.494688,0.494679,0.136713,27.6362,0.35798,0.631406,0.494679,0.617733,0.628671
host,app_latency,ttfb_ms.p99,,3,3,1.381059,1.280436,0.632774,45.818,0.804625,2.058115,1.280436,1.980347,2.042561
host,app_latency,ttfb_ms.stdev,,3,3,0.821435,0.25392,1.024722,124.7479,0.206025,2.004359,0.25392,1.829315,1.96935
host,app_latency,ttfb_ms.total_count,,1,1,100.0,100.0,0.0,0.0,100.0,100.0,100.0,100.0,100.0
host,app_latency,ttfb_ms.valid_count,,1,1,100.0,100.0,0.0,0.0,100.0,100.0,100.0,100.0,100.0
host,cpu_deterministic,cpu_percentage,%,12,12,96.5,100.0,4.379705,4.5386,90.0,100.0,100.0,100.0,100.0
host,cpu_deterministic,elapsed_sec,s,12,12,0.012729,0.012112,0.003444,27.0549,0.008742,0.018207,0.012112,0.018052,0.018176
host,cpu_deterministic,gflops,GFLOPS,12,12,4.236683,4.27665,1.003961,23.6969,2.6777,5.4905,4.27665,5.478125,5.488025
host,cpu_deterministic,iteration,,9,9,2.333333,2.0,1.414214,60.6092,1.0,5.0,2.0,4.6,4.92
host,cpu_deterministic,max_rss_kb,KB,12,12,1616.0,1548.0,151.616742,9.3822,1548.0,2060.0,1548.0,1862.0,2020.4
host,cpu_deterministic,parameters.iterations,,12,12,3.0,3.0,0.0,0.0,3.0,3.0,3.0,3.0,3.0
host,cpu_deterministic,parameters.matrix_size,,12,12,204.166667,200.0,14.433757,7.0696,200.0,250.0,200.0,222.5,244.5
host,cpu_deterministic,parameters.threads,,12,12,1.0,1.0,0.0,0.0,1.0,1.0,1.0,1.0,1.0
host,cpu_deterministic,parameters.warmup,,12,12,0.25,0.0,0.452267,180.9068,0.0,1.0,0.0,1.0,1.0
host,cpu_deterministic,system_time_sec,s,12,12,0.0,0.0,0.0,,0.0,0.0,0.0,0.0,0.0
host,cpu_deterministic,telemetry.cpu_percentage,%,12,12,96.5,100.0,4.379705,4.5386,90.0,100.0,100.0,100.0,100.0
host,cpu_deterministic,telemetry.max_rss_kb,KB,12,12,1616.0,1548.0,151.616742,9.3822,1548.0,2060.0,1548.0,1862.0,2020.4
host,cpu_deterministic,telemetry.system_time_sec,s,12,12,0.0,0.0,0.0,,0.0,0.0,0.0,0.0,0.0
host,cpu_deterministic,telemetry.user_time_sec,s,12,12,0.011667,0.01,0.005774,49.4872,0.0,0.02,0.01,0.02,0.02
host,cpu_deterministic,telemetry.vsz_kb,,12,12,0.0,0.0,0.0,,0.0,0.0,0.0,0.0,0.0
host,cpu_deterministic,telemetry.wall_time_sec,s,12,12,0.013333,0.01,0.006513,48.8504,0.01,0.03,0.01,0.0245,0.0289
host,cpu_deterministic,total_flops,,12,12,51812500.0,48000000.0,13206887.407713,25.4898,48000000.0,93750000.0,48000000.0,68587500.0,88717500.0
host,cpu_deterministic,user_time_sec,s,12,12,0.011667,0.01,0.005774,49.4872,0.0,0.02,0.01,0.02,0.02
host,cpu_deterministic,wall_time_sec,s,12,12,0.013333,0.01,0.006513,48.8504,0.01,0.03,0.01,0.0245,0.0289
host,cpu_deterministic,warmup_elapsed_sec,,12,12,0.001451,0.0,0.002882,198.6287,0.0,0.008651,0.0,0.007021,0.008325
host,memory_deterministic,allocated_bytes,,12,12,67108864.0,67108864.0,0.0,0.0,67108864.0,67108864.0,67108864.0,67108864.0,67108864.0
host,memory_deterministic,cpu_percentage,%,12,12,98.916667,99.0,0.792961,0.8016,98.0,100.0,99.0,100.0,100.0
host,memory_deterministic,elapsed_sec,s,12,12,0.114715,0.106488,0.015991,13.9399,0.097946,0.144945,0.106488,0.143474,0.144651
host,memory_deterministic,iteration,,9,9,2.333333,2.0,1.414214,60.6092,1.0,5.0,2.0,4.6,4.92
host,memory_deterministic,max_rss_kb,KB,12,12,66070.666667,66124.0,65.910867,0.0998,65996.0,66124.0,66124.0,66124.0,66124.0
host,memory_deterministic,parameters.buffer_mb,,12,12,64.0,64.0,0.0,0.0,64.0,64.0,64.0,64.0,64.0
host,memory_deterministic,parameters.passes,,12,12,3.0,3.0,0.0,0.0,3.0,3.0,3.0,3.0,3.0
host,memory_deterministic,parameters.stride_bytes,,12,12,64.0,64.0,0.0,0.0,64.0,64.0,64.0,64.0,64.0
host,memory_deterministic,system_time_sec,s,12,12,0.0225,0.02,0.004523,20.1008,0.02,0.03,0.02,0.03,0.03
host,memory_deterministic,telemetry.cpu_percentage,%,12,12,98.916667,99.0,0.792961,0.8016,98.0,100.0,99.0,100.0,100.0
host,memory_deterministic,telemetry.max_rss_kb,KB,12,12,66070.666667,66124.0,65.910867,0.0998,65996.0,66124.0,66124.0,66124.0,66124.0
host,memory_deterministic,telemetry.system_time_sec,s,12,12,0.0225,0.02,0.004523,20.1008,0.02,0.03,0.02,0.03,0.03
host,memory_deterministic,telemetry.user_time_sec,s,12,12,0.085833,0.08,0.015643,18.2246,0.07,0.12,0.08,0.1145,0.1189
host,memory_deterministic,telemetry.vsz_kb,,12,12,0.0,0.0,0.0,,0.0,0.0,0.0,0.0,0.0
host,memory_deterministic,telemetry.wall_time_sec,s,12,12,0.113333,0.105,0.017233,15.2054,0.1,0.15,0.105,0.1445,0.1489
host,memory_deterministic,throughput_mb_s,MB/s,12,12,3827.6475,4056.995,486.238635,12.7033,2980.44,4410.59,4056.995,4365.127,4401.4974
host,memory_deterministic,transferred_bytes,,12,12,452984832.0,452984832.0,0.0,0.0,452984832.0,452984832.0,452984832.0,452984832.0,452984832.0
host,memory_deterministic,user_time_sec,s,12,12,0.085833,0.08,0.015643,18.2246,0.07,0.12,0.08,0.1145,0.1189
host,memory_deterministic,wall_time_sec,s,12,12,0.113333,0.105,0.017233,15.2054,0.1,0.15,0.105,0.1445,0.1489
host,network_ping,cpu_percentage,%,3,3,0.0,0.0,0.0,,0.0,0.0,0.0,0.0,0.0
host,network_ping,max_rss_kb,KB,3,3,2630.666667,2676.0,78.519637,2.9848,2540.0,2676.0,2676.0,2676.0,2676.0
host,network_ping,packet_loss_percent,%,3,3,0.0,0.0,0.0,,0.0,0.0,0.0,0.0,0.0
host,network_ping,packets_transmitted,,3,3,5.0,5.0,0.0,0.0,5.0,5.0,5.0,5.0,5.0
host,network_ping,rtt_avg_ms,ms,3,3,0.062333,0.06,0.01464,23.4868,0.049,0.078,0.06,0.0762,0.07764
host,network_ping,rtt_max_ms,ms,3,3,0.087333,0.081,0.012741,14.5889,0.079,0.102,0.081,0.0999,0.10158
host,network_ping,rtt_mdev_ms,ms,3,3,0.015,0.016,0.002646,17.6383,0.012,0.017,0.016,0.0169,0.01698
host,network_ping,rtt_min_ms,ms,3,3,0.042667,0.043,0.008505,19.9334,0.034,0.051,0.043,0.0502,0.05084
host,network_ping,system_time_sec,s,3,3,0.0,0.0,0.0,,0.0,0.0,0.0,0.0,0.0
host,network_ping,telemetry.cpu_percentage,%,3,3,0.0,0.0,0.0,,0.0,0.0,0.0,0.0,0.0
host,network_ping,telemetry.max_rss_kb,KB,3,3,2630.666667,2676.0,78.519637,2.9848,2540.0,2676.0,2676.0,2676.0,2676.0
host,network_ping,telemetry.system_time_sec,s,3,3,0.0,0.0,0.0,,0.0,0.0,0.0,0.0,0.0
host,network_ping,telemetry.user_time_sec,s,3,3,0.0,0.0,0.0,,0.0,0.0,0.0,0.0,0.0
host,network_ping,telemetry.vsz_kb,,3,3,0.0,0.0,0.0,,0.0,0.0,0.0,0.0,0.0
host,network_ping,telemetry.wall_time_sec,s,3,3,4.09,4.08,0.026458,0.6469,4.07,4.12,4.08,4.116,4.1192
host,network_ping,user_time_sec,s,3,3,0.0,0.0,0.0,,0.0,0.0,0.0,0.0,0.0
host,network_ping,wall_time_sec,s,3,3,4.09,4.08,0.026458,0.6469,4.07,4.12,4.08,4.116,4.1192
host,scheduling_deterministic,cpu_percentage,%,9,9,86.333333,85.0,4.444097,5.1476,79.0,92.0,85.0,91.6,91.92
host,scheduling_deterministic,elapsed_sec,s,9,9,0.092738,0.093167,0.007658,8.2573,0.078471,0.106563,0.093167,0.103236,0.105898
host,scheduling_deterministic,iteration,,9,9,2.333333,2.0,1.414214,60.6092,1.0,5.0,2.0,4.6,4.92
host,scheduling_deterministic,latency_us,us,9,9,2.318333,2.329,0.191437,8.2575,1.962,2.664,2.329,2.5808,2.64736
host,scheduling_deterministic,max_rss_kb,KB,9,9,592.888889,592.0,2.666667,0.4498,592.0,600.0,592.0,596.8,599.36
host,scheduling_deterministic,parameters.iterations,,9,9,20000.0,20000.0,0.0,0.0,20000.0,20000.0,20000.0,20000.0,20000.0
host,scheduling_deterministic,parameters.warmup,,9,9,1000.0,1000.0,0.0,0.0,1000.0,1000.0,1000.0,1000.0,1000.0
host,scheduling_deterministic,switches_per_sec,,9,9,434003.955556,429337.06,36761.876444,8.4704,375363.28,509741.97,429337.06,486312.606,505056.0972
host,scheduling_deterministic,system_time_sec,s,9,9,0.067778,0.07,0.006667,9.8361,0.06,0.08,0.07,0.076,0.0792
host,scheduling_deterministic,telemetry.cpu_percentage,%,9,9,86.333333,85.0,4.444097,5.1476,79.0,92.0,85.0,91.6,91.92
host,scheduling_deterministic,telemetry.max_rss_kb,KB,9,9,592.888889,592.0,2.666667,0.4498,592.0,600.0,592.0,596.8,599.36
host,scheduling_deterministic,telemetry.system_time_sec,s,9,9,0.067778,0.07,0.006667,9.8361,0.06,0.08,0.07,0.076,0.0792
host,scheduling_deterministic,telemetry.user_time_sec,s,9,9,0.01,0.01,0.0,0.0,0.01,0.01,0.01,0.01,0.01
host,scheduling_deterministic,telemetry.vsz_kb,,9,9,0.0,0.0,0.0,,0.0,0.0,0.0,0.0,0.0
host,scheduling_deterministic,telemetry.wall_time_sec,s,9,9,0.093333,0.09,0.00866,9.2788,0.08,0.11,0.09,0.106,0.1092
host,scheduling_deterministic,total_context_switches,,9,9,40000.0,40000.0,0.0,0.0,40000.0,40000.0,40000.0,40000.0,40000.0
host,scheduling_deterministic,user_time_sec,s,9,9,0.01,0.01,0.0,0.0,0.01,0.01,0.01,0.01,0.01
host,scheduling_deterministic,wall_time_sec,s,9,9,0.093333,0.09,0.00866,9.2788,0.08,0.11,0.09,0.106,0.1092
host,syscall_deterministic,cpu_percentage,%,9,9,92.222222,94.0,6.869821,7.4492,78.0,100.0,94.0,100.0,100.0
host,syscall_deterministic,elapsed_sec,s,9,9,0.018573,0.017582,0.003836,20.6515,0.015077,0.0265,0.017582,0.024709,0.026142
host,syscall_deterministic,iteration,,9,9,2.333333,2.0,1.414214,60.6092,1.0,5.0,2.0,4.6,4.92
host,syscall_deterministic,latency_ns,ns,9,9,92.865556,87.91,19.179443,20.6529,75.38,132.5,87.91,123.544,130.7088
host,syscall_deterministic,max_rss_kb,KB,9,9,588.0,588.0,0.0,0.0,588.0,588.0,588.0,588.0,588.0
host,syscall_deterministic,ops_per_sec,ops/sec,9,9,11130495.883333,11375248.81,2000463.055359,17.9728,7547274.05,13265459.28,11375248.81,13155290.692,13243425.5624
host,syscall_deterministic,parameters.iterations,,9,9,200000.0,200000.0,0.0,0.0,200000.0,200000.0,200000.0,200000.0,200000.0
host,syscall_deterministic,parameters.warmup,,9,9,5000.0,5000.0,0.0,0.0,5000.0,5000.0,5000.0,5000.0,5000.0
host,syscall_deterministic,system_time_sec,s,9,9,0.004444,0.0,0.00527,118.5854,0.0,0.01,0.0,0.01,0.01
host,syscall_deterministic,telemetry.cpu_percentage,%,9,9,92.222222,94.0,6.869821,7.4492,78.0,100.0,94.0,100.0,100.0
host,syscall_deterministic,telemetry.max_rss_kb,KB,9,9,588.0,588.0,0.0,0.0,588.0,588.0,588.0,588.0,588.0
host,syscall_deterministic,telemetry.system_time_sec,s,9,9,0.004444,0.0,0.00527,118.5854,0.0,0.01,0.0,0.01,0.01
host,syscall_deterministic,telemetry.user_time_sec,s,9,9,0.003333,0.0,0.005,150.0,0.0,0.01,0.0,0.01,0.01
host,syscall_deterministic,telemetry.vsz_kb,,9,9,0.0,0.0,0.0,,0.0,0.0,0.0,0.0,0.0
host,syscall_deterministic,telemetry.wall_time_sec,s,9,9,0.014444,0.01,0.00527,36.4878,0.01,0.02,0.01,0.02,0.02
host,syscall_deterministic,total_syscalls,count,9,9,200000.0,200000.0,0.0,0.0,200000.0,200000.0,200000.0,200000.0,200000.0
host,syscall_deterministic,user_time_sec,s,9,9,0.003333,0.0,0.005,150.0,0.0,0.01,0.0,0.01,0.01
host,syscall_deterministic,wall_time_sec,s,9,9,0.014444,0.01,0.00527,36.4878,0.01,0.02,0.01,0.02,0.02
kvm,app_latency,connect_ms.max,,1,1,0.377441,0.377441,0.0,0.0,0.377441,0.377441,0.377441,0.377441,0.377441
kvm,app_latency,connect_ms.mean,,1,1,0.05855,0.05855,0.0,0.0,0.05855,0.05855,0.05855,0.05855,0.05855
kvm,app_latency,connect_ms.median,,1,1,0.048005,0.048005,0.0,0.0,0.048005,0.048005,0.048005,0.048005,0.048005
kvm,app_latency,connect_ms.min,,1,1,0.013344,0.013344,0.0,0.0,0.013344,0.013344,0.013344,0.013344,0.013344
kvm,app_latency,connect_ms.p50,,1,1,0.048005,0.048005,0.0,0.0,0.048005,0.048005,0.048005,0.048005,0.048005
kvm,app_latency,connect_ms.p95,,1,1,0.151631,0.151631,0.0,0.0,0.151631,0.151631,0.151631,0.151631,0.151631
kvm,app_latency,connect_ms.p99,,1,1,0.207576,0.207576,0.0,0.0,0.207576,0.207576,0.207576,0.207576,0.207576
kvm,app_latency,connect_ms.stdev,,1,1,0.05311,0.05311,0.0,0.0,0.05311,0.05311,0.05311,0.05311,0.05311
kvm,app_latency,http_200_count,,1,1,100.0,100.0,0.0,0.0,100.0,100.0,100.0,100.0,100.0
kvm,app_latency,requests_attempted,,1,1,100.0,100.0,0.0,0.0,100.0,100.0,100.0,100.0,100.0
kvm,app_latency,requests_completed,,2,2,100.0,100.0,0.0,0.0,100.0,100.0,100.0,100.0,100.0
kvm,app_latency,total_duration_ms.cv_percent,,1,1,67.655,67.655,0.0,0.0,67.655,67.655,67.655,67.655,67.655
kvm,app_latency,total_duration_ms.max,,1,1,1.136885,1.136885,0.0,0.0,1.136885,1.136885,1.136885,1.136885,1.136885
kvm,app_latency,total_duration_ms.mean,,1,1,0.269169,0.269169,0.0,0.0,0.269169,0.269169,0.269169,0.269169,0.269169
kvm,app_latency,total_duration_ms.median,,1,1,0.259794,0.259794,0.0,0.0,0.259794,0.259794,0.259794,0.259794,0.259794
kvm,app_latency,total_duration_ms.min,,1,1,0.079815,0.079815,0.0,0.0,0.079815,0.079815,0.079815,0.079815,0.079815
kvm,app_latency,total_duration_ms.missing_count,,1,1,0.0,0.0,0.0,,0.0,0.0,0.0,0.0,0.0
kvm,app_latency,total_duration_ms.p50,,1,1,0.259794,0.259794,0.0,0.0,0.259794,0.259794,0.259794,0.259794,0.259794
kvm,app_latency,total_duration_ms.p95,,1,1,0.571046,0.571046,0.0,0.0,0.571046,0.571046,0.571046,0.571046,0.571046
kvm,app_latency,total_duration_ms.p99,,1,1,0.868544,0.868544,0.0,0.0,0.868544,0.868544,0.868544,0.868544,0.868544
kvm,app_latency,total_duration_ms.stdev,,1,1,0.182106,0.182106,0.0,0.0,0.182106,0.182106,0.182106,0.182106,0.182106
kvm,app_latency,total_duration_ms.total_count,,1,1,100.0,100.0,0.0,0.0,100.0,100.0,100.0,100.0,100.0
kvm,app_latency,total_duration_ms.valid_count,,1,1,100.0,100.0,0.0,0.0,100.0,100.0,100.0,100.0,100.0
kvm,app_latency,total_ms.max,,1,1,1.136885,1.136885,0.0,0.0,1.136885,1.136885,1.136885,1.136885,1.136885
kvm,app_latency,total_ms.mean,,1,1,0.269169,0.269169,0.0,0.0,0.269169,0.269169,0.269169,0.269169,0.269169
kvm,app_latency,total_ms.median,,1,1,0.259794,0.259794,0.0,0.0,0.259794,0.259794,0.259794,0.259794,0.259794
kvm,app_latency,total_ms.min,,1,1,0.079815,0.079815,0.0,0.0,0.079815,0.079815,0.079815,0.079815,0.079815
kvm,app_latency,total_ms.p50,,1,1,0.259794,0.259794,0.0,0.0,0.259794,0.259794,0.259794,0.259794,0.259794
kvm,app_latency,total_ms.p95,,1,1,0.571046,0.571046,0.0,0.0,0.571046,0.571046,0.571046,0.571046,0.571046
kvm,app_latency,total_ms.p99,,1,1,0.868544,0.868544,0.0,0.0,0.868544,0.868544,0.868544,0.868544,0.868544
kvm,app_latency,total_ms.stdev,,1,1,0.182106,0.182106,0.0,0.0,0.182106,0.182106,0.182106,0.182106,0.182106
kvm,app_latency,total_time_ms.cv_percent,,2,2,196.95485,196.95485,182.857601,92.8424,67.655,326.2547,196.95485,313.324715,323.668703
kvm,app_latency,total_time_ms.max,,2,2,8.660578,8.660578,10.640109,122.8568,1.136885,16.184271,8.660578,15.431902,16.033797
kvm,app_latency,total_time_ms.mean,,2,2,0.378414,0.378414,0.154496,40.8272,0.269169,0.487659,0.378414,0.476735,0.485474
kvm,app_latency,total_time_ms.median,,2,2,0.312277,0.312277,0.074221,23.7679,0.259794,0.364759,0.312277,0.359511,0.363709
kvm,app_latency,total_time_ms.min,,2,2,0.113784,0.113784,0.04804,42.2203,0.079815,0.147754,0.113784,0.144357,0.147075
kvm,app_latency,total_time_ms.missing_count,,2,2,0.0,0.0,0.0,,0.0,0.0,0.0,0.0,0.0
kvm,app_latency,total_time_ms.p50,,2,2,0.312277,0.312277,0.074221,23.7679,0.259794,0.364759,0.312277,0.359511,0.363709
kvm,app_latency,total_time_ms.p95,,2,2,0.530713,0.530713,0.05704,10.7478,0.490379,0.571046,0.530713,0.567013,0.570239
kvm,app_latency,total_time_ms.p99,,2,2,0.98722,0.98722,0.167834,17.0007,0.868544,1.105897,0.98722,1.094029,1.103523
kvm,app_latency,total_time_ms.stdev,,2,2,0.886558,0.886558,0.996246,112.3723,0.182106,1.59101,0.886558,1.520565,1.576921
kvm,app_latency,total_time_ms.total_count,,2,2,100.0,100.0,0.0,0.0,100.0,100.0,100.0,100.0,100.0
kvm,app_latency,total_time_ms.valid_count,,2,2,100.0,100.0,0.0,0.0,100.0,100.0,100.0,100.0,100.0
kvm,app_latency,ttfb_ms.cv_percent,,1,1,371.6989,371.6989,0.0,0.0,371.6989,371.6989,371.6989,371.6989,371.6989
kvm,app_latency,ttfb_ms.max,,2,2,8.588491,8.588491,10.671064,124.2484,1.042909,16.134072,8.588491,15.379514,15.98316
kvm,app_latency,ttfb_ms.mean,,2,2,0.324864,0.324864,0.145805,44.882,0.221764,0.427964,0.324864,0.417654,0.425902
kvm,app_latency,ttfb_ms.median,,2,2,0.250534,0.250534,0.058745,23.4479,0.208995,0.292073,0.250534,0.287919,0.291242
kvm,app_latency,ttfb_ms.min,,2,2,0.093269,0.093269,0.041756,44.7695,0.063743,0.122795,0.093269,0.119842,0.122204
kvm,app_latency,ttfb_ms.missing_count,,1,1,0.0,0.0,0.0,,0.0,0.0,0.0,0.0,0.0
kvm,app_latency,ttfb_ms.p50,,2,2,0.250534,0.250534,0.058745,23.4479,0.208995,0.292073,0.250534,0.287919,0.291242
kvm,app_latency,ttfb_ms.p95,,2,2,0.454693,0.454693,0.041407,9.1065,0.425414,0.483972,0.454693,0.481044,0.483386
kvm,app_latency,ttfb_ms.p99,,2,2,0.863893,0.863893,0.21555,24.951,0.711476,1.01631,0.863893,1.001068,1.013262
kvm,app_latency,ttfb_ms.stdev,,2,2,0.873025,0.873025,1.015001,116.2625,0.155311,1.590739,0.873025,1.518968,1.576385
kvm,app_latency,ttfb_ms.total_count,,1,1,100.0,100.0,0.0,0.0,100.0,100.0,100.0,100.0,100.0
kvm,app_latency,ttfb_ms.valid_count,,1,1,100.0,100.0,0.0,0.0,100.0,100.0,100.0,100.0,100.0
kvm,cpu_deterministic,cpu_percentage,%,7,7,97.0,100.0,5.744563,5.9222,85.0,100.0,100.0,100.0,100.0
kvm,cpu_deterministic,elapsed_sec,s,7,7,0.011704,0.011299,0.003206,27.3952,0.008678,0.016897,0.011299,0.016386,0.016795
kvm,cpu_deterministic,gflops,GFLOPS,7,7,4.347371,4.248,1.063397,24.4607,2.8407,5.5313,4.248,5.46035,5.51711
kvm,cpu_deterministic,iteration,,7,7,2.571429,2.0,1.511858,58.7945,1.0,5.0,2.0,4.7,4.94
kvm,cpu_deterministic,max_rss_kb,KB,7,7,1573.142857,1548.0,98.460531,6.2588,1420.0,1700.0,1548.0,1700.0,1700.0
kvm,cpu_deterministic,parameters.iterations,,7,7,3.0,3.0,0.0,0.0,3.0,3.0,3.0,3.0,3.0
kvm,cpu_deterministic,parameters.matrix_size,,7,7,200.0,200.0,0.0,0.0,200.0,200.0,200.0,200.0,200.0
kvm,cpu_deterministic,parameters.threads,,7,7,1.0,1.0,0.0,0.0,1.0,1.0,1.0,1.0,1.0
kvm,cpu_deterministic,parameters.warmup,,7,7,0.0,0.0,0.0,,0.0,0.0,0.0,0.0,0.0
kvm,cpu_deterministic,system_time_sec,s,7,7,0.0,0.0,0.0,,0.0,0.0,0.0,0.0,0.0
kvm,cpu_deterministic,telemetry.cpu_percentage,%,7,7,97.0,100.0,5.744563,5.9222,85.0,100.0,100.0,100.0,100.0
kvm,cpu_deterministic,telemetry.max_rss_kb,KB,7,7,1573.142857,1548.0,98.460531,6.2588,1420.0,1700.0,1548.0,1700.0,1700.0
kvm,cpu_deterministic,telemetry.system_time_sec,s,7,7,0.0,0.0,0.0,,0.0,0.0,0.0,0.0,0.0
kvm,cpu_deterministic,telemetry.user_time_sec,s,7,7,0.007143,0.01,0.00488,68.313,0.0,0.01,0.01,0.01,0.01
kvm,cpu_deterministic,telemetry.vsz_kb,,7,7,0.0,0.0,0.0,,0.0,0.0,0.0,0.0,0.0
kvm,cpu_deterministic,telemetry.wall_time_sec,s,7,7,0.01,0.01,0.0,0.0,0.01,0.01,0.01,0.01,0.01
kvm,cpu_deterministic,total_flops,,7,7,48000000.0,48000000.0,0.0,0.0,48000000.0,48000000.0,48000000.0,48000000.0,48000000.0
kvm,cpu_deterministic,user_time_sec,s,7,7,0.007143,0.01,0.00488,68.313,0.0,0.01,0.01,0.01,0.01
kvm,cpu_deterministic,wall_time_sec,s,7,7,0.01,0.01,0.0,0.0,0.01,0.01,0.01,0.01,0.01
kvm,cpu_deterministic,warmup_elapsed_sec,,7,7,0.0,0.0,0.0,,0.0,0.0,0.0,0.0,0.0
kvm,memory_deterministic,allocated_bytes,,7,7,67108864.0,67108864.0,0.0,0.0,67108864.0,67108864.0,67108864.0,67108864.0,67108864.0
kvm,memory_deterministic,cpu_percentage,%,7,7,99.714286,100.0,0.48795,0.4893,99.0,100.0,100.0,100.0,100.0
kvm,memory_deterministic,elapsed_sec,s,7,7,0.113875,0.116909,0.008868,7.7877,0.101564,0.124888,0.116909,0.123203,0.124551
kvm,memory_deterministic,iteration,,7,7,2.571429,2.0,1.511858,58.7945,1.0,5.0,2.0,4.7,4.94
kvm,memory_deterministic,max_rss_kb,KB,7,7,65994.285714,65996.0,77.420312,0.1173,65856.0,66124.0,65996.0,66085.6,66116.32
kvm,memory_deterministic,parameters.buffer_mb,,7,7,64.0,64.0,0.0,0.0,64.0,64.0,64.0,64.0,64.0
kvm,memory_deterministic,parameters.passes,,7,7,3.0,3.0,0.0,0.0,3.0,3.0,3.0,3.0,3.0
kvm,memory_deterministic,parameters.stride_bytes,,7,7,64.0,64.0,0.0,0.0,64.0,64.0,64.0,64.0,64.0
kvm,memory_deterministic,system_time_sec,s,7,7,0.024286,0.02,0.005345,22.0097,0.02,0.03,0.02,0.03,0.03
kvm,memory_deterministic,telemetry.cpu_percentage,%,7,7,99.714286,100.0,0.48795,0.4893,99.0,100.0,100.0,100.0,100.0
kvm,memory_deterministic,telemetry.max_rss_kb,KB,7,7,65994.285714,65996.0,77.420312,0.1173,65856.0,66124.0,65996.0,66085.6,66116.32
kvm,memory_deterministic,telemetry.system_time_sec,s,7,7,0.024286,0.02,0.005345,22.0097,0.02,0.03,0.02,0.03,0.03
kvm,memory_deterministic,telemetry.user_time_sec,s,7,7,0.085714,0.09,0.011339,13.2288,0.07,0.1,0.09,0.097,0.0994
kvm,memory_deterministic,telemetry.vsz_kb,,7,7,0.0,0.0,0.0,,0.0,0.0,0.0,0.0,0.0
kvm,memory_deterministic,telemetry.wall_time_sec,s,7,7,0.112857,0.12,0.009512,8.4283,0.1,0.12,0.12,0.12,0.12
kvm,memory_deterministic,throughput_mb_s,MB/s,7,7,3814.282857,3695.17,309.810954,8.1224,3459.09,4253.48,3695.17,4248.953,4252.5746
kvm,memory_deterministic,transferred_bytes,,7,7,452984832.0,452984832.0,0.0,0.0,452984832.0,452984832.0,452984832.0,452984832.0,452984832.0
kvm,memory_deterministic,user_time_sec,s,7,7,0.085714,0.09,0.011339,13.2288,0.07,0.1,0.09,0.097,0.0994
kvm,memory_deterministic,wall_time_sec,s,7,7,0.112857,0.12,0.009512,8.4283,0.1,0.12,0.12,0.12,0.12
kvm,network_ping,cpu_percentage,%,2,2,0.0,0.0,0.0,,0.0,0.0,0.0,0.0,0.0
kvm,network_ping,max_rss_kb,KB,2,2,2666.0,2666.0,14.142136,0.5305,2656.0,2676.0,2666.0,2675.0,2675.8
kvm,network_ping,packet_loss_percent,%,2,2,0.0,0.0,0.0,,0.0,0.0,0.0,0.0,0.0
kvm,network_ping,packets_transmitted,,2,2,5.0,5.0,0.0,0.0,5.0,5.0,5.0,5.0,5.0
kvm,network_ping,rtt_avg_ms,ms,2,2,0.0635,0.0635,0.00495,7.7949,0.06,0.067,0.0635,0.06665,0.06693
kvm,network_ping,rtt_max_ms,ms,2,2,0.0835,0.0835,0.003536,4.2342,0.081,0.086,0.0835,0.08575,0.08595
kvm,network_ping,rtt_mdev_ms,ms,2,2,0.0155,0.0155,0.000707,4.562,0.015,0.016,0.0155,0.01595,0.01599
kvm,network_ping,rtt_min_ms,ms,2,2,0.044,0.044,0.007071,16.0706,0.039,0.049,0.044,0.0485,0.0489
kvm,network_ping,system_time_sec,s,2,2,0.0,0.0,0.0,,0.0,0.0,0.0,0.0,0.0
kvm,network_ping,telemetry.cpu_percentage,%,2,2,0.0,0.0,0.0,,0.0,0.0,0.0,0.0,0.0
kvm,network_ping,telemetry.max_rss_kb,KB,2,2,2666.0,2666.0,14.142136,0.5305,2656.0,2676.0,2666.0,2675.0,2675.8
kvm,network_ping,telemetry.system_time_sec,s,2,2,0.0,0.0,0.0,,0.0,0.0,0.0,0.0,0.0
kvm,network_ping,telemetry.user_time_sec,s,2,2,0.0,0.0,0.0,,0.0,0.0,0.0,0.0,0.0
kvm,network_ping,telemetry.vsz_kb,,2,2,0.0,0.0,0.0,,0.0,0.0,0.0,0.0,0.0
kvm,network_ping,telemetry.wall_time_sec,s,2,2,4.105,4.105,0.035355,0.8613,4.08,4.13,4.105,4.1275,4.1295
kvm,network_ping,user_time_sec,s,2,2,0.0,0.0,0.0,,0.0,0.0,0.0,0.0,0.0
kvm,network_ping,wall_time_sec,s,2,2,4.105,4.105,0.035355,0.8613,4.08,4.13,4.105,4.1275,4.1295
kvm,scheduling_deterministic,cpu_percentage,%,7,7,88.714286,88.0,2.811541,3.1692,84.0,92.0,88.0,91.7,91.94
kvm,scheduling_deterministic,elapsed_sec,s,7,7,0.091815,0.089627,0.005358,5.8356,0.084594,0.099518,0.089627,0.098755,0.099365
kvm,scheduling_deterministic,iteration,,7,7,2.571429,2.0,1.511858,58.7945,1.0,5.0,2.0,4.7,4.94
kvm,scheduling_deterministic,latency_us,us,7,7,2.295429,2.241,0.133837,5.8306,2.115,2.488,2.241,2.4688,2.48416
kvm,scheduling_deterministic,max_rss_kb,KB,7,7,592.0,592.0,0.0,0.0,592.0,592.0,592.0,592.0,592.0
kvm,scheduling_deterministic,parameters.iterations,,7,7,20000.0,20000.0,0.0,0.0,20000.0,20000.0,20000.0,20000.0,20000.0
kvm,scheduling_deterministic,parameters.warmup,,7,7,1000.0,1000.0,0.0,0.0,1000.0,1000.0,1000.0,1000.0,1000.0
kvm,scheduling_deterministic,switches_per_sec,,7,7,436925.915714,446291.61,25325.450734,5.7963,401937.36,472846.7,446291.61,467566.328,471790.6256
kvm,scheduling_deterministic,system_time_sec,s,7,7,0.07,0.07,0.005774,8.2479,0.06,0.08,0.07,0.077,0.0794
kvm,scheduling_deterministic,telemetry.cpu_percentage,%,7,7,88.714286,88.0,2.811541,3.1692,84.0,92.0,88.0,91.7,91.94
kvm,scheduling_deterministic,telemetry.max_rss_kb,KB,7,7,592.0,592.0,0.0,0.0,592.0,592.0,592.0,592.0,592.0
kvm,scheduling_deterministic,telemetry.system_time_sec,s,7,7,0.07,0.07,0.005774,8.2479,0.06,0.08,0.07,0.077,0.0794
kvm,scheduling_deterministic,telemetry.user_time_sec,s,7,7,0.01,0.01,0.0,0.0,0.01,0.01,0.01,0.01,0.01
kvm,scheduling_deterministic,telemetry.vsz_kb,,7,7,0.0,0.0,0.0,,0.0,0.0,0.0,0.0,0.0
kvm,scheduling_deterministic,telemetry.wall_time_sec,s,7,7,0.095714,0.09,0.007868,8.2203,0.09,0.11,0.09,0.107,0.1094
kvm,scheduling_deterministic,total_context_switches,,7,7,40000.0,40000.0,0.0,0.0,40000.0,40000.0,40000.0,40000.0,40000.0
kvm,scheduling_deterministic,user_time_sec,s,7,7,0.01,0.01,0.0,0.0,0.01,0.01,0.01,0.01,0.01
kvm,scheduling_deterministic,wall_time_sec,s,7,7,0.095714,0.09,0.007868,8.2203,0.09,0.11,0.09,0.107,0.1094
kvm,syscall_deterministic,cpu_percentage,%,7,7,96.285714,100.0,4.990467,5.183,89.0,100.0,100.0,100.0,100.0
kvm,syscall_deterministic,elapsed_sec,s,7,7,0.01857,0.018655,0.001497,8.0635,0.016893,0.021372,0.018655,0.020651,0.021228
kvm,syscall_deterministic,iteration,,7,7,2.571429,2.0,1.511858,58.7945,1.0,5.0,2.0,4.7,4.94
kvm,syscall_deterministic,latency_ns,ns,7,7,92.845714,93.27,7.487761,8.0647,84.46,106.86,93.27,103.254,106.1388
kvm,syscall_deterministic,max_rss_kb,KB,7,7,588.0,588.0,0.0,0.0,588.0,588.0,588.0,588.0,588.0
kvm,syscall_deterministic,ops_per_sec,ops/sec,7,7,10828167.087143,10721069.09,839039.667687,7.7487,9358167.29,11839456.73,10721069.09,11825834.138,11836732.2116
kvm,syscall_deterministic,parameters.iterations,,7,7,200000.0,200000.0,0.0,0.0,200000.0,200000.0,200000.0,200000.0,200000.0
kvm,syscall_deterministic,parameters.warmup,,7,7,5000.0,5000.0,0.0,0.0,5000.0,5000.0,5000.0,5000.0,5000.0
kvm,syscall_deterministic,system_time_sec,s,7,7,0.002857,0.0,0.00488,170.7825,0.0,0.01,0.0,0.01,0.01
kvm,syscall_deterministic,telemetry.cpu_percentage,%,7,7,96.285714,100.0,4.990467,5.183,89.0,100.0,100.0,100.0,100.0
kvm,syscall_deterministic,telemetry.max_rss_kb,KB,7,7,588.0,588.0,0.0,0.0,588.0,588.0,588.0,588.0,588.0
kvm,syscall_deterministic,telemetry.system_time_sec,s,7,7,0.002857,0.0,0.00488,170.7825,0.0,0.01,0.0,0.01,0.01
kvm,syscall_deterministic,telemetry.user_time_sec,s,7,7,0.008571,0.01,0.00378,44.0959,0.0,0.01,0.01,0.01,0.01
kvm,syscall_deterministic,telemetry.vsz_kb,,7,7,0.0,0.0,0.0,,0.0,0.0,0.0,0.0,0.0
kvm,syscall_deterministic,telemetry.wall_time_sec,s,7,7,0.017143,0.02,0.00488,28.4638,0.01,0.02,0.02,0.02,0.02
kvm,syscall_deterministic,total_syscalls,count,7,7,200000.0,200000.0,0.0,0.0,200000.0,200000.0,200000.0,200000.0,200000.0
kvm,syscall_deterministic,user_time_sec,s,7,7,0.008571,0.01,0.00378,44.0959,0.0,0.01,0.01,0.01,0.01
kvm,syscall_deterministic,wall_time_sec,s,7,7,0.017143,0.02,0.00488,28.4638,0.01,0.02,0.02,0.02,0.02
lxc,app_latency,connect_ms.max,,1,1,0.214444,0.214444,0.0,0.0,0.214444,0.214444,0.214444,0.214444,0.214444
lxc,app_latency,connect_ms.mean,,1,1,0.034429,0.034429,0.0,0.0,0.034429,0.034429,0.034429,0.034429,0.034429
lxc,app_latency,connect_ms.median,,1,1,0.016473,0.016473,0.0,0.0,0.016473,0.016473,0.016473,0.016473,0.016473
lxc,app_latency,connect_ms.min,,1,1,0.011958,0.011958,0.0,0.0,0.011958,0.011958,0.011958,0.011958,0.011958
lxc,app_latency,connect_ms.p50,,1,1,0.016473,0.016473,0.0,0.0,0.016473,0.016473,0.016473,0.016473,0.016473
lxc,app_latency,connect_ms.p95,,1,1,0.118278,0.118278,0.0,0.0,0.118278,0.118278,0.118278,0.118278,0.118278
lxc,app_latency,connect_ms.p99,,1,1,0.157597,0.157597,0.0,0.0,0.157597,0.157597,0.157597,0.157597,0.157597
lxc,app_latency,connect_ms.stdev,,1,1,0.038976,0.038976,0.0,0.0,0.038976,0.038976,0.038976,0.038976,0.038976
lxc,app_latency,http_200_count,,1,1,100.0,100.0,0.0,0.0,100.0,100.0,100.0,100.0,100.0
lxc,app_latency,requests_attempted,,1,1,100.0,100.0,0.0,0.0,100.0,100.0,100.0,100.0,100.0
lxc,app_latency,requests_completed,,2,2,100.0,100.0,0.0,0.0,100.0,100.0,100.0,100.0,100.0
lxc,app_latency,total_duration_ms.cv_percent,,1,1,110.5964,110.5964,0.0,0.0,110.5964,110.5964,110.5964,110.5964,110.5964
lxc,app_latency,total_duration_ms.max,,1,1,1.004176,1.004176,0.0,0.0,1.004176,1.004176,1.004176,1.004176,1.004176
lxc,app_latency,total_duration_ms.mean,,1,1,0.207856,0.207856,0.0,0.0,0.207856,0.207856,0.207856,0.207856,0.207856
lxc,app_latency,total_duration_ms.median,,1,1,0.094834,0.094834,0.0,0.0,0.094834,0.094834,0.094834,0.094834,0.094834
lxc,app_latency,total_duration_ms.min,,1,1,0.079028,0.079028,0.0,0.0,0.079028,0.079028,0.079028,0.079028,0.079028
lxc,app_latency,total_duration_ms.missing_count,,1,1,0.0,0.0,0.0,,0.0,0.0,0.0,0.0,0.0
lxc,app_latency,total_duration_ms.p50,,1,1,0.094834,0.094834,0.0,0.0,0.094834,0.094834,0.094834,0.094834,0.094834
lxc,app_latency,total_duration_ms.p95,,1,1,0.694561,0.694561,0.0,0.0,0.694561,0.694561,0.694561,0.694561,0.694561
lxc,app_latency,total_duration_ms.p99,,1,1,0.980863,0.980863,0.0,0.0,0.980863,0.980863,0.980863,0.980863,0.980863
lxc,app_latency,total_duration_ms.stdev,,1,1,0.229881,0.229881,0.0,0.0,0.229881,0.229881,0.229881,0.229881,0.229881
lxc,app_latency,total_duration_ms.total_count,,1,1,100.0,100.0,0.0,0.0,100.0,100.0,100.0,100.0,100.0
lxc,app_latency,total_duration_ms.valid_count,,1,1,100.0,100.0,0.0,0.0,100.0,100.0,100.0,100.0,100.0
lxc,app_latency,total_ms.max,,1,1,1.004176,1.004176,0.0,0.0,1.004176,1.004176,1.004176,1.004176,1.004176
lxc,app_latency,total_ms.mean,,1,1,0.207856,0.207856,0.0,0.0,0.207856,0.207856,0.207856,0.207856,0.207856
lxc,app_latency,total_ms.median,,1,1,0.094834,0.094834,0.0,0.0,0.094834,0.094834,0.094834,0.094834,0.094834
lxc,app_latency,total_ms.min,,1,1,0.079028,0.079028,0.0,0.0,0.079028,0.079028,0.079028,0.079028,0.079028
lxc,app_latency,total_ms.p50,,1,1,0.094834,0.094834,0.0,0.0,0.094834,0.094834,0.094834,0.094834,0.094834
lxc,app_latency,total_ms.p95,,1,1,0.694561,0.694561,0.0,0.0,0.694561,0.694561,0.694561,0.694561,0.694561
lxc,app_latency,total_ms.p99,,1,1,0.980863,0.980863,0.0,0.0,0.980863,0.980863,0.980863,0.980863,0.980863
lxc,app_latency,total_ms.stdev,,1,1,0.229881,0.229881,0.0,0.0,0.229881,0.229881,0.229881,0.229881,0.229881
lxc,app_latency,total_time_ms.cv_percent,,2,2,208.8347,208.8347,138.929936,66.5263,110.5964,307.073,208.8347,297.24917,305.108234
lxc,app_latency,total_time_ms.max,,2,2,11.249165,11.249165,14.488602,128.7971,1.004176,21.494154,11.249165,20.469655,21.289254
lxc,app_latency,total_time_ms.mean,,2,2,0.448164,0.448164,0.339846,75.8308,0.207856,0.688471,0.448164,0.66444,0.683665
lxc,app_latency,total_time_ms.median,,2,2,0.274762,0.274762,0.254457,92.6098,0.094834,0.45469,0.274762,0.436697,0.451091
lxc,app_latency,total_time_ms.min,,2,2,0.128247,0.128247,0.069605,54.2748,0.079028,0.177465,0.128247,0.172543,0.176481
lxc,app_latency,total_time_ms.missing_count,,2,2,0.0,0.0,0.0,,0.0,0.0,0.0,0.0,0.0
lxc,app_latency,total_time_ms.p50,,2,2,0.274762,0.274762,0.254457,92.6098,0.094834,0.45469,0.274762,0.436697,0.451091
lxc,app_latency,total_time_ms.p95,,2,2,0.784231,0.784231,0.126812,16.1702,0.694561,0.8739,0.784231,0.864933,0.872107
lxc,app_latency,total_time_ms.p99,,2,2,1.260761,1.260761,0.395836,31.3966,0.980863,1.540659,1.260761,1.512669,1.535061
lxc,app_latency,total_time_ms.stdev,,2,2,1.171995,1.171995,1.33235,113.6823,0.229881,2.114109,1.171995,2.019898,2.095267
lxc,app_latency,total_time_ms.total_count,,2,2,100.0,100.0,0.0,0.0,100.0,100.0,100.0,100.0,100.0
lxc,app_latency,total_time_ms.valid_count,,2,2,100.0,100.0,0.0,0.0,100.0,100.0,100.0,100.0,100.0
lxc,app_latency,ttfb_ms.cv_percent,,1,1,343.7269,343.7269,0.0,0.0,343.7269,343.7269,343.7269,343.7269,343.7269
lxc,app_latency,ttfb_ms.max,,2,2,11.159918,11.159918,14.389151,128.936,0.985252,21.334584,11.159918,20.317117,21.131091
lxc,app_latency,ttfb_ms.mean,,2,2,0.391504,0.391504,0.311469,79.5571,0.171262,0.611746,0.391504,0.589722,0.607341
lxc,app_latency,ttfb_ms.median,,2,2,0.225211,0.225211,0.209298,92.9342,0.077215,0.373207,0.225211,0.358407,0.370247
lxc,app_latency,ttfb_ms.min,,2,2,0.101426,0.101426,0.055054,54.2799,0.062497,0.140355,0.101426,0.136462,0.139576
lxc,app_latency,ttfb_ms.missing_count,,1,1,0.0,0.0,0.0,,0.0,0.0,0.0,0.0,0.0
lxc,app_latency,ttfb_ms.p50,,2,2,0.225211,0.225211,0.209298,92.9342,0.077215,0.373207,0.225211,0.358407,0.370247
lxc,app_latency,ttfb_ms.p95,,2,2,0.655588,0.655588,0.133253,20.3257,0.561364,0.749812,0.655588,0.74039,0.747928
lxc,app_latency,ttfb_ms.p99,,2,2,1.095548,1.095548,0.360213,32.8797,0.840839,1.350257,1.095548,1.324786,1.345163
lxc,app_latency,ttfb_ms.stdev,,2,2,1.151367,1.151368,1.34544,116.8558,0.199998,2.102737,1.151368,2.0076,2.08371
lxc,app_latency,ttfb_ms.total_count,,1,1,100.0,100.0,0.0,0.0,100.0,100.0,100.0,100.0,100.0
lxc,app_latency,ttfb_ms.valid_count,,1,1,100.0,100.0,0.0,0.0,100.0,100.0,100.0,100.0,100.0
lxc,cpu_deterministic,cpu_percentage,%,33,33,67.30303,75.0,30.583375,45.4413,0.0,100.0,75.0,100.0,100.0
lxc,cpu_deterministic,elapsed_sec,s,33,33,0.003664,0.001502,0.004105,112.0238,0.000778,0.013597,0.001502,0.012111,0.013309
lxc,cpu_deterministic,gflops,GFLOPS,33,33,3.230158,2.7641,1.202859,37.2384,0.9364,5.4903,2.7641,5.23342,5.452124
lxc,cpu_deterministic,iteration,,7,7,2.571429,2.0,1.511858,58.7945,1.0,5.0,2.0,4.7,4.94
lxc,cpu_deterministic,max_rss_kb,KB,33,33,1129.454545,1060.0,209.970994,18.5905,848.0,1548.0,1060.0,1548.0,1548.0
lxc,cpu_deterministic,parameters.iterations,,33,33,2.212121,2.0,0.415149,18.767,2.0,3.0,2.0,3.0,3.0
lxc,cpu_deterministic,parameters.matrix_size,,33,33,121.212121,100.0,41.514875,34.2498,100.0,200.0,100.0,200.0,200.0
lxc,cpu_deterministic,parameters.threads,,33,33,1.0,1.0,0.0,0.0,1.0,1.0,1.0,1.0,1.0
lxc,cpu_deterministic,parameters.warmup,,33,33,0.0,0.0,0.0,,0.0,0.0,0.0,0.0,0.0
lxc,cpu_deterministic,system_time_sec,s,33,33,0.0,0.0,0.0,,0.0,0.0,0.0,0.0,0.0
lxc,cpu_deterministic,telemetry.cpu_percentage,%,33,33,67.30303,75.0,30.583375,45.4413,0.0,100.0,75.0,100.0,100.0
lxc,cpu_deterministic,telemetry.max_rss_kb,KB,33,33,1129.454545,1060.0,209.970994,18.5905,848.0,1548.0,1060.0,1548.0,1548.0
lxc,cpu_deterministic,telemetry.system_time_sec,s,33,33,0.0,0.0,0.0,,0.0,0.0,0.0,0.0,0.0
lxc,cpu_deterministic,telemetry.user_time_sec,s,33,33,0.001515,0.0,0.003641,240.3123,0.0,0.01,0.0,0.01,0.01
lxc,cpu_deterministic,telemetry.vsz_kb,,33,33,0.0,0.0,0.0,,0.0,0.0,0.0,0.0,0.0
lxc,cpu_deterministic,telemetry.wall_time_sec,s,33,33,0.002121,0.0,0.004151,195.713,0.0,0.01,0.0,0.01,0.01
lxc,cpu_deterministic,total_flops,,33,33,13333333.333333,4000000.0,18266545.01176,136.9991,4000000.0,48000000.0,4000000.0,48000000.0,48000000.0
lxc,cpu_deterministic,user_time_sec,s,33,33,0.001515,0.0,0.003641,240.3123,0.0,0.01,0.0,0.01,0.01
lxc,cpu_deterministic,wall_time_sec,s,33,33,0.002121,0.0,0.004151,195.713,0.0,0.01,0.0,0.01,0.01
lxc,cpu_deterministic,warmup_elapsed_sec,,33,33,0.0,0.0,0.0,,0.0,0.0,0.0,0.0,0.0
lxc,memory_deterministic,allocated_bytes,,33,33,27453626.181818,16777216.0,20895120.766093,76.1106,16777216.0,67108864.0,16777216.0,67108864.0,67108864.0
lxc,memory_deterministic,cpu_percentage,%,33,33,96.969697,98.0,3.413986,3.5207,86.0,100.0,98.0,100.0,100.0
lxc,memory_deterministic,elapsed_sec,s,33,33,0.046072,0.026943,0.039641,86.0419,0.01844,0.136045,0.026943,0.12692,0.134197
lxc,memory_deterministic,iteration,,7,7,2.571429,2.0,1.511858,58.7945,1.0,5.0,2.0,4.7,4.94
lxc,memory_deterministic,max_rss_kb,KB,33,33,27355.515152,16972.0,20389.418622,74.5349,16844.0,66124.0,16972.0,66124.0,66124.0
lxc,memory_deterministic,parameters.buffer_mb,,33,33,26.181818,16.0,19.92714,76.1106,16.0,64.0,16.0,64.0,64.0
lxc,memory_deterministic,parameters.passes,,33,33,2.212121,2.0,0.415149,18.767,2.0,3.0,2.0,3.0,3.0
lxc,memory_deterministic,parameters.stride_bytes,,33,33,64.0,64.0,0.0,0.0,64.0,64.0,64.0,64.0,64.0
lxc,memory_deterministic,system_time_sec,s,33,33,0.007576,0.01,0.008671,114.4596,0.0,0.03,0.01,0.02,0.0268
lxc,memory_deterministic,telemetry.cpu_percentage,%,33,33,96.969697,98.0,3.413986,3.5207,86.0,100.0,98.0,100.0,100.0
lxc,memory_deterministic,telemetry.max_rss_kb,KB,33,33,27355.515152,16972.0,20389.418622,74.5349,16844.0,66124.0,16972.0,66124.0,66124.0
lxc,memory_deterministic,telemetry.system_time_sec,s,33,33,0.007576,0.01,0.008671,114.4596,0.0,0.03,0.01,0.02,0.0268
lxc,memory_deterministic,telemetry.user_time_sec,s,33,33,0.030606,0.02,0.032686,106.7957,0.01,0.11,0.02,0.094,0.1068
lxc,memory_deterministic,telemetry.vsz_kb,,33,33,0.0,0.0,0.0,,0.0,0.0,0.0,0.0,0.0
lxc,memory_deterministic,telemetry.wall_time_sec,s,33,33,0.046061,0.03,0.041226,89.5048,0.02,0.14,0.03,0.13,0.1368
lxc,memory_deterministic,throughput_mb_s,MB/s,33,33,3027.293333,3071.49,605.29573,19.9946,1910.51,4035.86,3071.49,3947.878,4028.5224
lxc,memory_deterministic,transferred_bytes,,33,33,155570548.363636,75497472.0,156713405.745695,100.7346,75497472.0,452984832.0,75497472.0,452984832.0,452984832.0
lxc,memory_deterministic,user_time_sec,s,33,33,0.030606,0.02,0.032686,106.7957,0.01,0.11,0.02,0.094,0.1068
lxc,memory_deterministic,wall_time_sec,s,33,33,0.046061,0.03,0.041226,89.5048,0.02,0.14,0.03,0.13,0.1368
lxc,network_ping,cpu_percentage,%,2,2,0.0,0.0,0.0,,0.0,0.0,0.0,0.0,0.0
lxc,network_ping,max_rss_kb,KB,2,2,2676.0,2676.0,0.0,0.0,2676.0,2676.0,2676.0,2676.0,2676.0
lxc,network_ping,packet_loss_percent,%,2,2,0.0,0.0,0.0,,0.0,0.0,0.0,0.0,0.0
lxc,network_ping,packets_transmitted,,2,2,5.0,5.0,0.0,0.0,5.0,5.0,5.0,5.0,5.0
lxc,network_ping,rtt_avg_ms,ms,2,2,0.0715,0.0715,0.010607,14.8344,0.064,0.079,0.0715,0.07825,0.07885
lxc,network_ping,rtt_max_ms,ms,2,2,0.1505,0.1505,0.057276,38.0569,0.11,0.191,0.1505,0.18695,0.19019
lxc,network_ping,rtt_mdev_ms,ms,2,2,0.042,0.042,0.021213,50.5076,0.027,0.057,0.042,0.0555,0.0567
lxc,network_ping,rtt_min_ms,ms,2,2,0.0325,0.0325,0.002121,6.5271,0.031,0.034,0.0325,0.03385,0.03397
lxc,network_ping,system_time_sec,s,2,2,0.0,0.0,0.0,,0.0,0.0,0.0,0.0,0.0
lxc,network_ping,telemetry.cpu_percentage,%,2,2,0.0,0.0,0.0,,0.0,0.0,0.0,0.0,0.0
lxc,network_ping,telemetry.max_rss_kb,KB,2,2,2676.0,2676.0,0.0,0.0,2676.0,2676.0,2676.0,2676.0,2676.0
lxc,network_ping,telemetry.system_time_sec,s,2,2,0.0,0.0,0.0,,0.0,0.0,0.0,0.0,0.0
lxc,network_ping,telemetry.user_time_sec,s,2,2,0.0,0.0,0.0,,0.0,0.0,0.0,0.0,0.0
lxc,network_ping,telemetry.vsz_kb,,2,2,0.0,0.0,0.0,,0.0,0.0,0.0,0.0,0.0
lxc,network_ping,telemetry.wall_time_sec,s,2,2,4.1,4.1,0.028284,0.6899,4.08,4.12,4.1,4.118,4.1196
lxc,network_ping,user_time_sec,s,2,2,0.0,0.0,0.0,,0.0,0.0,0.0,0.0,0.0
lxc,network_ping,wall_time_sec,s,2,2,4.1,4.1,0.028284,0.6899,4.08,4.12,4.1,4.118,4.1196
lxc,scheduling_deterministic,cpu_percentage,%,7,7,85.142857,85.0,2.609506,3.0649,82.0,90.0,85.0,88.8,89.76
lxc,scheduling_deterministic,elapsed_sec,s,7,7,0.093554,0.098095,0.009022,9.6441,0.078803,0.10043,0.098095,0.100332,0.10041
lxc,scheduling_deterministic,iteration,,7,7,2.571429,2.0,1.511858,58.7945,1.0,5.0,2.0,4.7,4.94
lxc,scheduling_deterministic,latency_us,us,7,7,2.338857,2.452,0.225563,9.6441,1.97,2.511,2.452,2.5086,2.51052
lxc,scheduling_deterministic,max_rss_kb,KB,7,7,592.0,592.0,0.0,0.0,592.0,592.0,592.0,592.0,592.0
lxc,scheduling_deterministic,parameters.iterations,,7,7,20000.0,20000.0,0.0,0.0,20000.0,20000.0,20000.0,20000.0,20000.0
lxc,scheduling_deterministic,parameters.warmup,,7,7,1000.0,1000.0,0.0,0.0,1000.0,1000.0,1000.0,1000.0,1000.0
lxc,scheduling_deterministic,switches_per_sec,,7,7,431299.842857,407768.66,45274.98944,10.4973,398286.51,507596.39,407768.66,500614.532,506200.0184
lxc,scheduling_deterministic,system_time_sec,s,7,7,0.067143,0.07,0.007559,11.2585,0.06,0.08,0.07,0.077,0.0794
lxc,scheduling_deterministic,telemetry.cpu_percentage,%,7,7,85.142857,85.0,2.609506,3.0649,82.0,90.0,85.0,88.8,89.76
lxc,scheduling_deterministic,telemetry.max_rss_kb,KB,7,7,592.0,592.0,0.0,0.0,592.0,592.0,592.0,592.0,592.0
lxc,scheduling_deterministic,telemetry.system_time_sec,s,7,7,0.067143,0.07,0.007559,11.2585,0.06,0.08,0.07,0.077,0.0794
lxc,scheduling_deterministic,telemetry.user_time_sec,s,7,7,0.008571,0.01,0.00378,44.0959,0.0,0.01,0.01,0.01,0.01
lxc,scheduling_deterministic,telemetry.vsz_kb,,7,7,0.0,0.0,0.0,,0.0,0.0,0.0,0.0,0.0
lxc,scheduling_deterministic,telemetry.wall_time_sec,s,7,7,0.095714,0.1,0.011339,11.8466,0.08,0.11,0.1,0.107,0.1094
lxc,scheduling_deterministic,total_context_switches,,7,7,40000.0,40000.0,0.0,0.0,40000.0,40000.0,40000.0,40000.0,40000.0
lxc,scheduling_deterministic,user_time_sec,s,7,7,0.008571,0.01,0.00378,44.0959,0.0,0.01,0.01,0.01,0.01
lxc,scheduling_deterministic,wall_time_sec,s,7,7,0.095714,0.1,0.011339,11.8466,0.08,0.11,0.1,0.107,0.1094
lxc,syscall_deterministic,cpu_percentage,%,7,7,94.142857,95.0,3.670993,3.8994,89.0,100.0,95.0,98.5,99.7
lxc,syscall_deterministic,elapsed_sec,s,7,7,0.019055,0.019409,0.002666,13.9925,0.014267,0.022455,0.019409,0.02205,0.022374
lxc,syscall_deterministic,iteration,,7,7,2.571429,2.0,1.511858,58.7945,1.0,5.0,2.0,4.7,4.94
lxc,syscall_deterministic,latency_ns,ns,7,7,95.271429,97.05,13.331642,13.9933,71.33,112.27,97.05,110.248,111.8656
lxc,syscall_deterministic,max_rss_kb,KB,7,7,576.571429,588.0,30.237158,5.2443,508.0,588.0,588.0,588.0,588.0
lxc,syscall_deterministic,ops_per_sec,ops/sec,7,7,10695976.042857,10304381.64,1684060.277701,15.7448,8906742.36,14018794.44,10304381.64,13250639.064,13865163.3648
lxc,syscall_deterministic,parameters.iterations,,7,7,200000.0,200000.0,0.0,0.0,200000.0,200000.0,200000.0,200000.0,200000.0
lxc,syscall_deterministic,parameters.warmup,,7,7,5000.0,5000.0,0.0,0.0,5000.0,5000.0,5000.0,5000.0,5000.0
lxc,syscall_deterministic,system_time_sec,s,7,7,0.005714,0.01,0.005345,93.5414,0.0,0.01,0.01,0.01,0.01
lxc,syscall_deterministic,telemetry.cpu_percentage,%,7,7,94.142857,95.0,3.670993,3.8994,89.0,100.0,95.0,98.5,99.7
lxc,syscall_deterministic,telemetry.max_rss_kb,KB,7,7,576.571429,588.0,30.237158,5.2443,508.0,588.0,588.0,588.0,588.0
lxc,syscall_deterministic,telemetry.system_time_sec,s,7,7,0.005714,0.01,0.005345,93.5414,0.0,0.01,0.01,0.01,0.01
lxc,syscall_deterministic,telemetry.user_time_sec,s,7,7,0.005714,0.01,0.005345,93.5414,0.0,0.01,0.01,0.01,0.01
lxc,syscall_deterministic,telemetry.vsz_kb,,7,7,0.0,0.0,0.0,,0.0,0.0,0.0,0.0,0.0
lxc,syscall_deterministic,telemetry.wall_time_sec,s,7,7,0.017143,0.02,0.00488,28.4638,0.01,0.02,0.02,0.02,0.02
lxc,syscall_deterministic,total_syscalls,count,7,7,200000.0,200000.0,0.0,0.0,200000.0,200000.0,200000.0,200000.0,200000.0
lxc,syscall_deterministic,user_time_sec,s,7,7,0.005714,0.01,0.005345,93.5414,0.0,0.01,0.01,0.01,0.01
lxc,syscall_deterministic,wall_time_sec,s,7,7,0.017143,0.02,0.00488,28.4638,0.01,0.02,0.02,0.02,0.02
virtualbox,app_latency,connect_ms.max,,1,1,0.231916,0.231916,0.0,0.0,0.231916,0.231916,0.231916,0.231916,0.231916
virtualbox,app_latency,connect_ms.mean,,1,1,0.030318,0.030318,0.0,0.0,0.030318,0.030318,0.030318,0.030318,0.030318
virtualbox,app_latency,connect_ms.median,,1,1,0.018101,0.018101,0.0,0.0,0.018101,0.018101,0.018101,0.018101,0.018101
virtualbox,app_latency,connect_ms.min,,1,1,0.012311,0.012311,0.0,0.0,0.012311,0.012311,0.012311,0.012311,0.012311
virtualbox,app_latency,connect_ms.p50,,1,1,0.018101,0.018101,0.0,0.0,0.018101,0.018101,0.018101,0.018101,0.018101
virtualbox,app_latency,connect_ms.p95,,1,1,0.072653,0.072653,0.0,0.0,0.072653,0.072653,0.072653,0.072653,0.072653
virtualbox,app_latency,connect_ms.p99,,1,1,0.096911,0.096911,0.0,0.0,0.096911,0.096911,0.096911,0.096911,0.096911
virtualbox,app_latency,connect_ms.stdev,,1,1,0.028569,0.028569,0.0,0.0,0.028569,0.028569,0.028569,0.028569,0.028569
virtualbox,app_latency,http_200_count,,1,1,100.0,100.0,0.0,0.0,100.0,100.0,100.0,100.0,100.0
virtualbox,app_latency,requests_attempted,,1,1,100.0,100.0,0.0,0.0,100.0,100.0,100.0,100.0,100.0
virtualbox,app_latency,requests_completed,,2,2,100.0,100.0,0.0,0.0,100.0,100.0,100.0,100.0,100.0
virtualbox,app_latency,total_duration_ms.cv_percent,,1,1,68.5727,68.5727,0.0,0.0,68.5727,68.5727,68.5727,68.5727,68.5727
virtualbox,app_latency,total_duration_ms.max,,1,1,0.833752,0.833752,0.0,0.0,0.833752,0.833752,0.833752,0.833752,0.833752
virtualbox,app_latency,total_duration_ms.mean,,1,1,0.150143,0.150143,0.0,0.0,0.150143,0.150143,0.150143,0.150143,0.150143
virtualbox,app_latency,total_duration_ms.median,,1,1,0.102758,0.102758,0.0,0.0,0.102758,0.102758,0.102758,0.102758,0.102758
virtualbox,app_latency,total_duration_ms.min,,1,1,0.077168,0.077168,0.0,0.0,0.077168,0.077168,0.077168,0.077168,0.077168
virtualbox,app_latency,total_duration_ms.missing_count,,1,1,0.0,0.0,0.0,,0.0,0.0,0.0,0.0,0.0
virtualbox,app_latency,total_duration_ms.p50,,1,1,0.102758,0.102758,0.0,0.0,0.102758,0.102758,0.102758,0.102758,0.102758
virtualbox,app_latency,total_duration_ms.p95,,1,1,0.3299,0.3299,0.0,0.0,0.3299,0.3299,0.3299,0.3299,0.3299
virtualbox,app_latency,total_duration_ms.p99,,1,1,0.389567,0.389567,0.0,0.0,0.389567,0.389567,0.389567,0.389567,0.389567
virtualbox,app_latency,total_duration_ms.stdev,,1,1,0.102957,0.102957,0.0,0.0,0.102957,0.102957,0.102957,0.102957,0.102957
virtualbox,app_latency,total_duration_ms.total_count,,1,1,100.0,100.0,0.0,0.0,100.0,100.0,100.0,100.0,100.0
virtualbox,app_latency,total_duration_ms.valid_count,,1,1,100.0,100.0,0.0,0.0,100.0,100.0,100.0,100.0,100.0
virtualbox,app_latency,total_ms.max,,1,1,0.833752,0.833752,0.0,0.0,0.833752,0.833752,0.833752,0.833752,0.833752
virtualbox,app_latency,total_ms.mean,,1,1,0.150143,0.150143,0.0,0.0,0.150143,0.150143,0.150143,0.150143,0.150143
virtualbox,app_latency,total_ms.median,,1,1,0.102758,0.102758,0.0,0.0,0.102758,0.102758,0.102758,0.102758,0.102758
virtualbox,app_latency,total_ms.min,,1,1,0.077168,0.077168,0.0,0.0,0.077168,0.077168,0.077168,0.077168,0.077168
virtualbox,app_latency,total_ms.p50,,1,1,0.102758,0.102758,0.0,0.0,0.102758,0.102758,0.102758,0.102758,0.102758
virtualbox,app_latency,total_ms.p95,,1,1,0.3299,0.3299,0.0,0.0,0.3299,0.3299,0.3299,0.3299,0.3299
virtualbox,app_latency,total_ms.p99,,1,1,0.389567,0.389567,0.0,0.0,0.389567,0.389567,0.389567,0.389567,0.389567
virtualbox,app_latency,total_ms.stdev,,1,1,0.102957,0.102957,0.0,0.0,0.102957,0.102957,0.102957,0.102957,0.102957
virtualbox,app_latency,total_time_ms.cv_percent,,2,2,224.70735,224.70735,220.80774,98.2646,68.5727,380.842,224.70735,365.228535,377.719307
virtualbox,app_latency,total_time_ms.max,,2,2,11.55449,11.55449,15.161414,131.2166,0.833752,22.275229,11.55449,21.203155,22.060814
virtualbox,app_latency,total_time_ms.mean,,2,2,0.363542,0.363542,0.301792,83.0143,0.150143,0.576941,0.363542,0.555601,0.572673
virtualbox,app_latency,total_time_ms.median,,2,2,0.235578,0.235578,0.187837,79.7342,0.102758,0.368399,0.235578,0.355117,0.365743
virtualbox,app_latency,total_time_ms.min,,2,2,0.119894,0.119894,0.060423,50.3972,0.077168,0.162619,0.119894,0.158346,0.161764
virtualbox,app_latency,total_time_ms.missing_count,,2,2,0.0,0.0,0.0,,0.0,0.0,0.0,0.0,0.0
virtualbox,app_latency,total_time_ms.p50,,2,2,0.235578,0.235578,0.187837,79.7342,0.102758,0.368399,0.235578,0.355117,0.365743
virtualbox,app_latency,total_time_ms.p95,,2,2,0.488348,0.488348,0.224079,45.8851,0.3299,0.646795,0.488348,0.63095,0.643626
virtualbox,app_latency,total_time_ms.p99,,2,2,0.798019,0.798019,0.577639,72.3841,0.389567,1.206472,0.798019,1.165627,1.198303
virtualbox,app_latency,total_time_ms.stdev,,2,2,1.150095,1.150095,1.480877,128.7613,0.102957,2.197233,1.150095,2.092519,2.17629
virtualbox,app_latency,total_time_ms.total_count,,2,2,100.0,100.0,0.0,0.0,100.0,100.0,100.0,100.0,100.0
virtualbox,app_latency,total_time_ms.valid_count,,2,2,100.0,100.0,0.0,0.0,100.0,100.0,100.0,100.0,100.0
virtualbox,app_latency,ttfb_ms.cv_percent,,1,1,429.543,429.543,0.0,0.0,429.543,429.543,429.543,429.543,429.543
virtualbox,app_latency,ttfb_ms.max,,2,2,11.464694,11.464693,15.143069,132.0844,0.756927,22.17246,11.464693,21.101683,21.958305
virtualbox,app_latency,ttfb_ms.mean,,2,2,0.316287,0.316287,0.274247,86.7083,0.122365,0.510209,0.316287,0.490817,0.506331
virtualbox,app_latency,ttfb_ms.median,,2,2,0.188672,0.188672,0.151036,80.0519,0.081874,0.295471,0.188672,0.284791,0.293335
virtualbox,app_latency,ttfb_ms.min,,2,2,0.096414,0.096414,0.050022,51.8827,0.061043,0.131785,0.096414,0.128248,0.131078
virtualbox,app_latency,ttfb_ms.missing_count,,1,1,0.0,0.0,0.0,,0.0,0.0,0.0,0.0,0.0
virtualbox,app_latency,ttfb_ms.p50,,2,2,0.188672,0.188672,0.151036,80.0519,0.081874,0.295471,0.188672,0.284791,0.293335
virtualbox,app_latency,ttfb_ms.p95,,2,2,0.427359,0.427359,0.204778,47.9171,0.282559,0.572159,0.427359,0.557679,0.569263
virtualbox,app_latency,ttfb_ms.p99,,2,2,0.607329,0.607329,0.372873,61.3955,0.343668,0.87099,0.607329,0.844624,0.865717
virtualbox,app_latency,ttfb_ms.stdev,,2,2,1.141994,1.141994,1.484322,129.9764,0.092419,2.191568,1.141994,2.086611,2.170577
virtualbox,app_latency,ttfb_ms.total_count,,1,1,100.0,100.0,0.0,0.0,100.0,100.0,100.0,100.0,100.0
virtualbox,app_latency,ttfb_ms.valid_count,,1,1,100.0,100.0,0.0,0.0,100.0,100.0,100.0,100.0,100.0
virtualbox,cpu_deterministic,cpu_percentage,%,33,33,82.181818,87.0,22.20565,27.0201,0.0,100.0,87.0,100.0,100.0
virtualbox,cpu_deterministic,elapsed_sec,s,33,33,0.004364,0.002631,0.004142,94.9231,0.000721,0.014951,0.002631,0.013469,0.014525
virtualbox,cpu_deterministic,gflops,GFLOPS,33,33,2.669824,2.1881,1.516706,56.8092,0.9652,5.9748,2.1881,5.52184,5.838128
virtualbox,cpu_deterministic,iteration,,7,7,2.571429,2.0,1.511858,58.7945,1.0,5.0,2.0,4.7,4.94
virtualbox,cpu_deterministic,max_rss_kb,KB,33,33,1154.787879,1044.0,242.702462,21.0171,892.0,1700.0,1044.0,1608.8,1700.0
virtualbox,cpu_deterministic,parameters.iterations,,33,33,2.212121,2.0,0.415149,18.767,2.0,3.0,2.0,3.0,3.0
virtualbox,cpu_deterministic,parameters.matrix_size,,33,33,122.727273,100.0,41.628771,33.9197,100.0,200.0,100.0,200.0,200.0
virtualbox,cpu_deterministic,parameters.threads,,33,33,1.0,1.0,0.0,0.0,1.0,1.0,1.0,1.0,1.0
virtualbox,cpu_deterministic,parameters.warmup,,33,33,0.030303,0.0,0.174078,574.4563,0.0,1.0,0.0,0.0,0.68
virtualbox,cpu_deterministic,system_time_sec,s,33,33,0.0,0.0,0.0,,0.0,0.0,0.0,0.0,0.0
virtualbox,cpu_deterministic,telemetry.cpu_percentage,%,33,33,82.181818,87.0,22.20565,27.0201,0.0,100.0,87.0,100.0,100.0
virtualbox,cpu_deterministic,telemetry.max_rss_kb,KB,33,33,1154.787879,1044.0,242.702462,21.0171,892.0,1700.0,1044.0,1608.8,1700.0
virtualbox,cpu_deterministic,telemetry.system_time_sec,s,33,33,0.0,0.0,0.0,,0.0,0.0,0.0,0.0,0.0
virtualbox,cpu_deterministic,telemetry.user_time_sec,s,33,33,0.001515,0.0,0.003641,240.3123,0.0,0.01,0.0,0.01,0.01
virtualbox,cpu_deterministic,telemetry.vsz_kb,,33,33,0.0,0.0,0.0,,0.0,0.0,0.0,0.0,0.0
virtualbox,cpu_deterministic,telemetry.wall_time_sec,s,33,33,0.002121,0.0,0.004151,195.713,0.0,0.01,0.0,0.01,0.01
virtualbox,cpu_deterministic,total_flops,,33,33,13621212.121212,4000000.0,18189553.27887,133.5384,4000000.0,48000000.0,4000000.0,48000000.0,48000000.0
virtualbox,cpu_deterministic,user_time_sec,s,33,33,0.001515,0.0,0.003641,240.3123,0.0,0.01,0.0,0.01,0.01
virtualbox,cpu_deterministic,wall_time_sec,s,33,33,0.002121,0.0,0.004151,195.713,0.0,0.01,0.0,0.01,0.01
virtualbox,cpu_deterministic,warmup_elapsed_sec,,33,33,3.7e-05,0.0,0.000211,574.4563,0.0,0.001211,0.0,0.0,0.000823
virtualbox,memory_deterministic,allocated_bytes,,7,7,67108864.0,67108864.0,0.0,0.0,67108864.0,67108864.0,67108864.0,67108864.0,67108864.0
virtualbox,memory_deterministic,cpu_percentage,%,7,7,98.857143,99.0,0.899735,0.9101,98.0,100.0,99.0,100.0,100.0
virtualbox,memory_deterministic,elapsed_sec,s,7,7,0.111464,0.108915,0.013568,12.1725,0.097543,0.131173,0.108915,0.129618,0.130862
virtualbox,memory_deterministic,iteration,,7,7,2.571429,2.0,1.511858,58.7945,1.0,5.0,2.0,4.7,4.94
virtualbox,memory_deterministic,max_rss_kb,KB,7,7,65977.714286,65996.0,88.328392,0.1339,65868.0,66124.0,65996.0,66085.6,66116.32
virtualbox,memory_deterministic,parameters.buffer_mb,,7,7,64.0,64.0,0.0,0.0,64.0,64.0,64.0,64.0,64.0
virtualbox,memory_deterministic,parameters.passes,,7,7,3.0,3.0,0.0,0.0,3.0,3.0,3.0,3.0,3.0
virtualbox,memory_deterministic,parameters.stride_bytes,,7,7,64.0,64.0,0.0,0.0,64.0,64.0,64.0,64.0,64.0
virtualbox,memory_deterministic,system_time_sec,s,7,7,0.022857,0.02,0.00488,21.3478,0.02,0.03,0.02,0.03,0.03
virtualbox,memory_deterministic,telemetry.cpu_percentage,%,7,7,98.857143,99.0,0.899735,0.9101,98.0,100.0,99.0,100.0,100.0
virtualbox,memory_deterministic,telemetry.max_rss_kb,KB,7,7,65977.714286,65996.0,88.328392,0.1339,65868.0,66124.0,65996.0,66085.6,66116.32
virtualbox,memory_deterministic,telemetry.system_time_sec,s,7,7,0.022857,0.02,0.00488,21.3478,0.02,0.03,0.02,0.03,0.03
virtualbox,memory_deterministic,telemetry.user_time_sec,s,7,7,0.08,0.08,0.011547,14.4338,0.07,0.1,0.08,0.097,0.0994
virtualbox,memory_deterministic,telemetry.vsz_kb,,7,7,0.0,0.0,0.0,,0.0,0.0,0.0,0.0,0.0
virtualbox,memory_deterministic,telemetry.wall_time_sec,s,7,7,0.112857,0.11,0.013801,12.229,0.1,0.13,0.11,0.13,0.13
virtualbox,memory_deterministic,throughput_mb_s,MB/s,7,7,3923.822857,3966.41,462.541999,11.788,3293.37,4428.81,3966.41,4401.465,4423.341
virtualbox,memory_deterministic,transferred_bytes,,7,7,452984832.0,452984832.0,0.0,0.0,452984832.0,452984832.0,452984832.0,452984832.0,452984832.0
virtualbox,memory_deterministic,user_time_sec,s,7,7,0.08,0.08,0.011547,14.4338,0.07,0.1,0.08,0.097,0.0994
virtualbox,memory_deterministic,wall_time_sec,s,7,7,0.112857,0.11,0.013801,12.229,0.1,0.13,0.11,0.13,0.13
virtualbox,network_ping,cpu_percentage,%,2,2,0.0,0.0,0.0,,0.0,0.0,0.0,0.0,0.0
virtualbox,network_ping,max_rss_kb,KB,2,2,2548.0,2548.0,90.509668,3.5522,2484.0,2612.0,2548.0,2605.6,2610.72
virtualbox,network_ping,packet_loss_percent,%,2,2,0.0,0.0,0.0,,0.0,0.0,0.0,0.0,0.0
virtualbox,network_ping,packets_transmitted,,2,2,5.0,5.0,0.0,0.0,5.0,5.0,5.0,5.0,5.0
virtualbox,network_ping,rtt_avg_ms,ms,2,2,0.064,0.064,0.001414,2.2097,0.063,0.065,0.064,0.0649,0.06498
virtualbox,network_ping,rtt_max_ms,ms,2,2,0.0885,0.0885,0.00495,5.5929,0.085,0.092,0.0885,0.09165,0.09193
virtualbox,network_ping,rtt_mdev_ms,ms,2,2,0.0195,0.0195,0.002121,10.8786,0.018,0.021,0.0195,0.02085,0.02097
virtualbox,network_ping,rtt_min_ms,ms,2,2,0.035,0.035,0.0,0.0,0.035,0.035,0.035,0.035,0.035
virtualbox,network_ping,system_time_sec,s,2,2,0.0,0.0,0.0,,0.0,0.0,0.0,0.0,0.0
virtualbox,network_ping,telemetry.cpu_percentage,%,2,2,0.0,0.0,0.0,,0.0,0.0,0.0,0.0,0.0
virtualbox,network_ping,telemetry.max_rss_kb,KB,2,2,2548.0,2548.0,90.509668,3.5522,2484.0,2612.0,2548.0,2605.6,2610.72
virtualbox,network_ping,telemetry.system_time_sec,s,2,2,0.0,0.0,0.0,,0.0,0.0,0.0,0.0,0.0
virtualbox,network_ping,telemetry.user_time_sec,s,2,2,0.0,0.0,0.0,,0.0,0.0,0.0,0.0,0.0
virtualbox,network_ping,telemetry.vsz_kb,,2,2,0.0,0.0,0.0,,0.0,0.0,0.0,0.0,0.0
virtualbox,network_ping,telemetry.wall_time_sec,s,2,2,4.085,4.085,0.007071,0.1731,4.08,4.09,4.085,4.0895,4.0899
virtualbox,network_ping,user_time_sec,s,2,2,0.0,0.0,0.0,,0.0,0.0,0.0,0.0,0.0
virtualbox,network_ping,wall_time_sec,s,2,2,4.085,4.085,0.007071,0.1731,4.08,4.09,4.085,4.0895,4.0899
virtualbox,scheduling_deterministic,cpu_percentage,%,7,7,85.857143,88.0,4.450789,5.1839,79.0,90.0,88.0,89.7,89.94
virtualbox,scheduling_deterministic,elapsed_sec,s,7,7,0.090896,0.086564,0.009096,10.0074,0.078656,0.106194,0.086564,0.103223,0.1056
virtualbox,scheduling_deterministic,iteration,,7,7,2.571429,2.0,1.511858,58.7945,1.0,5.0,2.0,4.7,4.94
virtualbox,scheduling_deterministic,latency_us,us,7,7,2.272286,2.164,0.227552,10.0142,1.966,2.655,2.164,2.5806,2.64012
virtualbox,scheduling_deterministic,max_rss_kb,KB,7,7,592.0,592.0,0.0,0.0,592.0,592.0,592.0,592.0,592.0
virtualbox,scheduling_deterministic,parameters.iterations,,7,7,20000.0,20000.0,0.0,0.0,20000.0,20000.0,20000.0,20000.0,20000.0
virtualbox,scheduling_deterministic,parameters.warmup,,7,7,1000.0,1000.0,0.0,0.0,1000.0,1000.0,1000.0,1000.0,1000.0
virtualbox,scheduling_deterministic,switches_per_sec,,7,7,443764.454286,462087.34,43339.095854,9.7662,376667.76,508544.45,462087.34,495118.562,505859.2724
virtualbox,scheduling_deterministic,system_time_sec,s,7,7,0.065714,0.06,0.007868,11.973,0.06,0.08,0.06,0.077,0.0794
virtualbox,scheduling_deterministic,telemetry.cpu_percentage,%,7,7,85.857143,88.0,4.450789,5.1839,79.0,90.0,88.0,89.7,89.94
virtualbox,scheduling_deterministic,telemetry.max_rss_kb,KB,7,7,592.0,592.0,0.0,0.0,592.0,592.0,592.0,592.0,592.0
virtualbox,scheduling_deterministic,telemetry.system_time_sec,s,7,7,0.065714,0.06,0.007868,11.973,0.06,0.08,0.06,0.077,0.0794
virtualbox,scheduling_deterministic,telemetry.user_time_sec,s,7,7,0.008571,0.01,0.00378,44.0959,0.0,0.01,0.01,0.01,0.01
virtualbox,scheduling_deterministic,telemetry.vsz_kb,,7,7,0.0,0.0,0.0,,0.0,0.0,0.0,0.0,0.0
virtualbox,scheduling_deterministic,telemetry.wall_time_sec,s,7,7,0.095714,0.09,0.011339,11.8466,0.08,0.11,0.09,0.11,0.11
virtualbox,scheduling_deterministic,total_context_switches,,7,7,40000.0,40000.0,0.0,0.0,40000.0,40000.0,40000.0,40000.0,40000.0
virtualbox,scheduling_deterministic,user_time_sec,s,7,7,0.008571,0.01,0.00378,44.0959,0.0,0.01,0.01,0.01,0.01
virtualbox,scheduling_deterministic,wall_time_sec,s,7,7,0.095714,0.09,0.011339,11.8466,0.08,0.11,0.09,0.11,0.11
virtualbox,startup_lifecycle,startup_phases.total_startup_duration_sec,,2,2,1.49885,1.49885,0.03387,2.2598,1.4749,1.5228,1.49885,1.520405,1.522321
virtualbox,syscall_deterministic,cpu_percentage,%,7,7,92.428571,95.0,4.54082,4.9128,83.0,95.0,95.0,95.0,95.0
virtualbox,syscall_deterministic,elapsed_sec,s,7,7,0.018926,0.019385,0.00232,12.2599,0.015796,0.021409,0.019385,0.021351,0.021397
virtualbox,syscall_deterministic,iteration,,7,7,2.571429,2.0,1.511858,58.7945,1.0,5.0,2.0,4.7,4.94
virtualbox,syscall_deterministic,latency_ns,ns,7,7,94.628571,96.92,11.603424,12.2621,78.98,107.05,96.92,106.756,106.9912
virtualbox,syscall_deterministic,max_rss_kb,KB,7,7,588.0,588.0,0.0,0.0,588.0,588.0,588.0,588.0,588.0
virtualbox,syscall_deterministic,ops_per_sec,ops/sec,7,7,10714283.142857,10317508.43,1400565.971042,13.072,9341787.9,12661607.22,10317508.43,12658498.746,12660985.5252
virtualbox,syscall_deterministic,parameters.iterations,,7,7,200000.0,200000.0,0.0,0.0,200000.0,200000.0,200000.0,200000.0,200000.0
virtualbox,syscall_deterministic,parameters.warmup,,7,7,5000.0,5000.0,0.0,0.0,5000.0,5000.0,5000.0,5000.0,5000.0
virtualbox,syscall_deterministic,system_time_sec,s,7,7,0.002857,0.0,0.00488,170.7825,0.0,0.01,0.0,0.01,0.01
virtualbox,syscall_deterministic,telemetry.cpu_percentage,%,7,7,92.428571,95.0,4.54082,4.9128,83.0,95.0,95.0,95.0,95.0
virtualbox,syscall_deterministic,telemetry.max_rss_kb,KB,7,7,588.0,588.0,0.0,0.0,588.0,588.0,588.0,588.0,588.0
virtualbox,syscall_deterministic,telemetry.system_time_sec,s,7,7,0.002857,0.0,0.00488,170.7825,0.0,0.01,0.0,0.01,0.01
virtualbox,syscall_deterministic,telemetry.user_time_sec,s,7,7,0.007143,0.01,0.00488,68.313,0.0,0.01,0.01,0.01,0.01
virtualbox,syscall_deterministic,telemetry.vsz_kb,,7,7,0.0,0.0,0.0,,0.0,0.0,0.0,0.0,0.0
virtualbox,syscall_deterministic,telemetry.wall_time_sec,s,7,7,0.017143,0.02,0.00488,28.4638,0.01,0.02,0.02,0.02,0.02
virtualbox,syscall_deterministic,total_syscalls,count,7,7,200000.0,200000.0,0.0,0.0,200000.0,200000.0,200000.0,200000.0,200000.0
virtualbox,syscall_deterministic,user_time_sec,s,7,7,0.007143,0.01,0.00488,68.313,0.0,0.01,0.01,0.01,0.01
virtualbox,syscall_deterministic,wall_time_sec,s,7,7,0.017143,0.02,0.00488,28.4638,0.01,0.02,0.02,0.02,0.02
